pid,female,gen,edu,hhinc,libcon,int_eff,park_eva_a,good_eco,vote_past,vote_will,rally_pro,rally_con
1,1,40s,4,4,-3,3,4,3,1,5,1,0
3,0,20s,4,12,0,3,3,3,1,5,0,0
4,0,60s,1,2,5,2,2,2,1,5,0,0
5,1,40s,4,4,0,2,4,2,0,4,0,0
9,0,50s,4,3,4,2,2,3,0,2,0,0
11,1,20s,4,3,-1,4,4,1,1,5,1,0
12,0,40s,3,2,0,2,4,2,1,4,0,0
13,1,50s,4,2,-1,4,2,1,1,5,0,0
14,0,20s,4,2,-5,4,4,1,1,5,1,0
15,0,50s,3,3,2,3,4,1,1,4,0,0
16,0,20s,4,11,-3,5,4,1,0,5,1,0
21,1,20s,4,7,-3,1,4,1,1,5,0,0
22,0,30s,2,4,0,2,4,1,1,4,0,0
23,0,50s,4,2,1,2,3,3,1,4,0,0
24,0,50s,5,4,0,1,4,1,1,4,0,0
25,0,60s,5,4,5,2,1,1,1,5,0,0
27,0,50s,4,8,-3,4,4,1,1,5,1,0
28,1,60s,4,5,-3,4,4,1,1,5,0,0
30,0,50s,4,7,-2,3,4,3,1,5,0,0
31,1,20s,3,4,0,3,4,2,1,4,0,0
33,1,40s,3,8,-2,4,4,2,0,4,0,0
35,1,50s,4,4,0,2,4,1,1,5,0,0
36,1,30s,4,3,-5,3,4,1,1,5,1,0
37,1,50s,4,5,3,2,1,2,1,5,0,0
38,0,50s,5,11,-3,3,4,3,1,5,1,0
39,0,50s,4,7,3,3,4,2,1,4,0,0
40,0,20s,4,1,0,3,4,2,1,5,0,0
41,0,30s,4,4,-1,4,4,3,1,5,1,0
42,0,40s,4,11,3,1,2,3,1,5,0,1
44,0,60s,4,5,0,3,4,1,1,5,1,0
45,0,30s,2,1,0,2,4,1,0,5,0,0
47,0,60s,4,4,-1,2,4,2,1,5,0,0
48,1,20s,4,3,-2,2,4,2,0,5,0,0
51,1,30s,4,7,0,3,4,2,1,5,0,0
52,0,50s,4,5,4,3,1,3,1,5,0,1
53,1,50s,4,8,0,4,4,3,1,5,0,0
54,1,30s,3,1,0,1,3,2,1,5,0,0
55,1,30s,5,3,0,2,1,1,1,5,0,0
58,0,40s,4,5,0,4,4,2,1,5,1,0
59,1,30s,5,15,-2,3,4,2,1,5,1,0
60,1,20s,3,9,0,2,4,2,1,2,0,0
62,0,40s,5,9,0,3,4,1,1,4,0,0
64,1,50s,2,3,1,3,4,1,1,5,0,0
66,0,30s,3,5,-1,3,4,2,1,5,1,0
67,1,60s,4,9,-1,3,4,3,1,5,0,0
68,0,30s,4,4,1,3,4,2,1,4,0,0
69,0,30s,5,3,2,1,4,3,1,5,1,0
71,1,30s,3,2,-3,2,4,3,1,5,1,0
72,1,50s,5,6,-5,4,4,2,1,5,0,0
75,0,30s,3,3,-4,4,4,3,1,5,1,0
76,0,60s,4,4,0,1,4,1,1,5,1,0
77,0,40s,4,7,0,4,4,3,1,5,0,0
79,0,50s,4,10,0,4,4,2,1,5,1,0
81,1,40s,4,9,-3,4,4,2,1,5,1,0
82,0,60s,4,1,0,3,4,3,1,5,1,0
84,0,60s,4,3,0,3,4,2,1,4,0,0
86,1,30s,3,3,0,1,4,3,1,5,0,0
87,0,50s,5,1,-3,4,4,1,1,5,0,0
88,0,60s,2,3,5,4,1,2,1,5,0,0
92,0,40s,3,4,-1,4,3,2,1,5,0,0
94,1,50s,4,5,3,2,2,2,1,4,0,0
95,0,40s,3,5,4,4,2,2,1,4,0,0
97,1,40s,4,7,-3,3,4,2,1,4,0,0
98,0,30s,4,5,1,3,4,3,1,5,1,0
100,0,30s,4,3,-1,4,4,2,1,5,0,0
101,1,60s,4,4,-3,2,4,2,1,5,1,0
103,1,40s,4,1,0,2,4,1,1,4,0,0
104,1,20s,4,2,-5,3,4,2,1,5,1,0
105,0,50s,4,4,-1,3,4,1,1,5,1,0
106,0,40s,4,4,0,3,4,1,1,5,1,0
107,0,30s,5,4,-4,4,4,2,1,5,1,0
108,1,60s,2,1,3,2,1,3,1,5,0,0
111,1,60s,1,9,0,3,4,3,1,4,0,0
112,0,60s,4,3,-2,3,4,3,1,5,1,0
113,1,30s,4,2,0,4,4,3,1,5,0,0
114,1,50s,4,3,0,2,3,1,1,4,0,0
116,0,30s,4,15,1,3,4,1,1,5,0,0
117,0,60s,4,8,-2,3,4,1,1,5,0,0
118,1,20s,4,7,-2,3,4,3,1,5,1,0
119,0,20s,4,6,0,4,4,3,0,5,0,0
120,1,40s,4,3,-5,5,3,3,1,5,0,0
121,1,50s,4,6,0,3,4,1,1,5,0,0
125,1,40s,5,4,0,1,3,2,0,2,0,0
127,0,40s,4,3,-5,3,4,3,1,5,0,0
128,1,40s,4,4,-2,4,3,3,1,5,1,0
129,1,50s,5,6,-1,3,4,1,1,4,1,0
130,1,30s,5,8,2,3,4,3,1,5,0,0
132,1,40s,4,14,0,2,2,3,0,5,0,0
133,1,40s,5,1,0,1,1,1,0,1,0,0
134,0,50s,4,5,-1,3,4,2,1,5,1,0
135,0,20s,2,1,-5,1,4,1,1,5,0,0
136,0,50s,5,5,-1,4,4,2,1,5,0,0
137,0,30s,5,5,0,2,4,1,1,5,1,0
138,1,30s,4,8,0,4,4,1,1,5,1,0
139,1,40s,5,8,0,3,4,2,1,5,0,0
140,1,20s,4,15,1,3,4,3,1,4,0,0
142,1,30s,4,5,-1,3,4,2,1,4,0,0
143,1,50s,4,3,0,4,3,3,0,5,0,0
144,1,20s,4,10,-5,4,4,1,1,5,0,0
145,1,30s,4,2,0,2,4,2,1,5,0,0
146,0,50s,4,8,0,3,4,1,1,5,0,0
148,0,40s,2,1,0,3,4,1,1,5,0,0
149,1,60s,4,3,0,2,4,2,1,5,0,0
150,0,60s,4,4,4,4,1,3,1,5,0,0
151,0,30s,4,4,0,3,4,2,1,5,0,0
152,1,40s,5,3,-3,2,2,1,1,5,0,0
153,1,40s,3,5,-1,2,4,3,1,5,0,0
155,0,40s,4,6,-3,3,4,2,1,5,1,0
156,1,50s,4,8,-2,3,4,1,1,4,0,0
157,1,60s,4,7,3,3,1,1,1,5,0,0
158,1,30s,2,1,1,3,1,2,1,4,0,0
159,0,60s,4,4,5,3,2,1,1,4,0,0
160,1,50s,4,3,-4,5,4,1,1,5,1,0
163,1,30s,3,2,-1,2,4,3,0,5,0,0
164,1,60s,4,6,1,1,4,1,0,4,0,0
165,0,50s,4,2,-3,4,1,2,1,5,0,0
168,0,40s,3,2,-3,3,4,3,1,5,1,0
170,0,40s,4,4,0,2,4,3,1,5,0,0
172,0,50s,4,2,2,3,2,2,1,4,0,0
174,1,40s,4,1,0,3,4,2,1,5,0,0
175,0,30s,2,1,0,3,4,2,0,5,0,0
178,1,30s,4,6,0,2,4,2,1,5,0,0
179,1,60s,5,9,-2,4,4,1,1,5,0,1
180,1,30s,3,6,-3,2,4,3,1,5,0,0
181,0,30s,2,3,-3,3,4,3,1,5,1,0
182,0,20s,3,3,0,2,4,1,1,5,1,0
183,0,40s,2,1,1,3,1,2,1,4,0,0
184,1,30s,5,6,-3,1,4,2,1,5,0,0
185,0,60s,2,2,0,3,3,2,1,4,0,0
186,0,30s,3,4,-1,3,4,2,1,4,0,0
187,1,30s,4,4,-3,2,4,3,0,5,0,0
188,1,20s,2,3,0,3,4,3,0,5,0,0
189,0,30s,4,5,1,3,4,2,1,5,0,0
190,0,50s,3,2,0,3,4,1,1,5,0,0
193,0,30s,4,4,0,4,3,2,1,5,1,0
195,0,40s,4,6,0,3,4,1,0,4,0,0
197,1,30s,2,6,-4,3,4,1,1,4,0,0
199,0,20s,3,3,0,2,4,1,0,5,0,0
200,1,60s,4,8,3,3,2,2,1,4,0,0
201,1,40s,4,6,-2,3,4,1,1,5,1,0
202,1,50s,4,4,0,1,4,2,1,5,0,0
206,1,50s,5,5,-4,4,4,1,1,4,0,0
207,0,50s,4,3,1,2,4,1,1,4,0,0
208,0,40s,4,5,2,3,3,2,1,5,0,0
209,0,30s,4,3,2,3,4,2,1,5,1,0
211,1,20s,3,3,0,1,4,1,1,5,0,0
212,0,50s,3,1,-1,2,1,2,1,4,0,0
213,0,20s,3,1,0,2,4,1,1,4,0,0
214,0,30s,4,4,-2,2,4,2,1,5,0,0
215,1,20s,4,15,3,3,4,2,1,5,0,0
216,0,50s,4,3,0,3,4,1,1,5,1,0
217,1,60s,4,5,0,3,3,2,1,5,0,0
220,0,40s,4,3,5,2,4,2,1,5,1,0
223,1,50s,2,6,-2,3,4,1,1,5,0,0
225,0,60s,2,5,-3,1,3,2,1,5,0,0
226,0,40s,4,3,3,3,4,2,1,5,0,0
229,0,40s,5,11,-2,3,4,1,1,5,0,0
230,1,30s,2,3,0,2,4,2,1,5,1,0
231,1,20s,4,5,0,3,4,1,0,4,0,0
232,0,40s,4,1,0,3,4,2,1,5,0,0
235,1,40s,4,2,-2,1,4,1,1,5,0,0
236,1,50s,4,7,0,3,4,2,1,4,0,0
238,1,50s,4,1,1,4,3,3,1,5,0,0
239,1,30s,3,4,0,2,4,2,1,5,0,0
240,1,30s,3,7,-2,4,4,1,1,5,0,0
244,1,50s,4,6,-2,3,4,1,1,5,0,0
245,0,50s,3,5,-1,3,4,1,1,4,0,0
246,0,30s,4,1,-4,3,4,2,1,5,1,0
247,0,30s,4,9,0,3,4,2,1,5,0,0
248,0,40s,4,6,0,3,4,2,0,4,0,0
251,1,30s,2,5,0,1,4,2,1,4,0,0
252,0,30s,4,6,0,4,4,3,1,5,0,0
253,0,40s,4,7,-3,2,4,3,1,5,1,0
254,1,60s,2,2,3,1,2,1,0,2,0,0
255,1,40s,4,3,-4,2,4,2,1,5,1,0
258,0,60s,2,1,-2,3,4,2,1,5,1,0
259,1,60s,2,7,-2,2,4,3,1,4,0,0
260,0,20s,2,4,0,5,4,1,1,5,1,0
261,1,30s,5,4,0,3,4,3,1,4,0,0
262,1,20s,4,1,-4,5,4,1,1,5,0,0
263,0,30s,4,7,-1,3,4,1,1,5,0,0
264,1,50s,2,2,0,2,4,1,1,5,1,0
265,1,30s,2,1,2,3,4,2,1,4,0,0
267,0,30s,4,6,0,2,4,1,1,5,0,0
268,1,40s,4,6,2,3,4,1,1,5,0,0
269,0,40s,4,1,-1,1,4,1,1,4,0,0
270,0,60s,4,8,-1,2,4,1,1,5,0,0
273,1,60s,5,7,0,4,4,2,1,5,0,0
274,1,40s,3,3,-3,4,4,1,1,5,1,0
276,0,40s,2,3,3,3,3,3,1,4,0,0
277,0,50s,4,15,1,3,2,3,1,4,0,0
279,0,40s,4,3,2,1,4,3,1,5,0,0
280,1,20s,4,4,0,2,4,1,1,5,0,0
282,1,50s,4,1,0,1,4,3,1,5,0,0
284,0,30s,4,8,2,3,2,3,1,5,0,0
285,1,20s,4,4,-2,3,4,3,1,5,1,0
286,0,20s,2,15,0,1,2,3,1,5,0,0
287,1,50s,4,5,0,3,4,1,1,5,0,0
288,1,30s,2,6,-1,4,4,1,0,5,0,0
290,1,40s,5,6,0,3,4,2,1,5,0,0
292,1,50s,4,7,-2,2,4,1,1,5,1,0
296,0,40s,4,9,3,2,4,1,1,5,1,0
300,0,50s,5,4,-5,3,4,1,1,5,1,0
304,0,40s,3,3,0,2,4,2,1,5,0,0
305,0,40s,3,5,-5,2,4,1,1,5,1,0
308,1,40s,5,3,-4,2,3,1,1,5,0,0
309,1,40s,2,6,0,1,4,1,1,4,0,0
310,0,30s,4,7,-4,2,4,3,1,5,0,0
311,0,40s,4,7,1,2,4,3,1,5,0,0
312,1,30s,4,3,0,3,4,1,1,4,0,0
313,0,60s,4,6,0,2,4,1,1,4,0,0
314,0,20s,2,8,0,3,4,3,1,1,1,0
315,1,20s,4,1,0,2,2,3,0,5,0,0
316,1,30s,4,1,0,3,4,2,1,5,1,0
317,0,30s,4,2,0,4,2,2,1,4,1,0
319,1,40s,4,2,0,2,4,1,1,5,0,0
321,0,40s,4,6,3,2,1,3,1,5,0,0
322,0,40s,4,3,-3,3,4,1,1,5,0,0
323,0,50s,4,5,-2,3,4,3,1,5,1,0
324,0,50s,4,2,0,2,4,2,1,5,0,0
325,0,50s,5,2,0,1,4,3,1,4,0,0
326,1,40s,2,3,0,1,4,2,1,5,0,0
327,1,40s,4,1,-4,3,4,2,1,5,1,0
328,1,20s,4,6,0,2,3,1,1,4,0,0
329,1,40s,4,6,0,3,4,1,1,5,0,0
330,0,60s,4,4,0,2,4,1,1,5,0,0
331,0,40s,4,4,-3,2,4,2,1,5,0,0
332,0,50s,3,7,4,4,3,2,1,5,0,0
334,1,40s,4,4,-4,1,4,1,1,5,0,0
335,0,50s,4,3,2,3,4,2,1,5,1,0
336,0,50s,2,4,-1,2,4,2,1,5,0,0
337,1,50s,3,5,-3,4,3,3,1,5,0,0
338,1,20s,4,4,-4,3,4,2,0,5,0,0
339,0,50s,4,4,-2,4,4,2,1,5,1,0
340,1,60s,4,4,2,3,3,1,1,5,0,0
342,0,50s,4,3,0,3,3,1,1,4,0,0
345,0,50s,4,6,0,3,2,3,0,2,0,0
347,1,20s,4,8,0,2,3,3,1,5,0,0
348,1,50s,4,4,-1,2,4,2,1,5,0,0
350,0,20s,4,3,-4,5,4,2,1,5,0,0
351,0,60s,4,3,-1,2,3,3,1,5,0,0
353,1,60s,4,5,-2,3,4,1,1,5,0,0
355,1,60s,1,1,-2,3,4,1,1,5,0,0
356,0,30s,3,4,0,2,3,1,1,4,1,0
357,1,40s,4,2,-2,3,4,2,1,5,0,0
358,0,50s,4,2,0,3,4,2,1,5,0,0
359,1,50s,4,6,-4,3,4,3,1,5,0,0
360,0,30s,4,2,0,3,4,1,1,5,0,0
361,0,20s,4,5,0,3,4,3,0,5,0,0
362,1,30s,3,5,0,3,3,2,1,5,0,0
363,0,30s,3,3,0,4,4,3,1,5,1,0
364,0,50s,4,7,0,4,3,2,1,4,0,0
365,0,40s,4,1,5,5,4,1,1,5,0,0
366,1,60s,4,5,0,3,4,1,1,4,0,0
369,0,40s,2,2,0,1,3,2,1,5,0,0
370,1,60s,4,7,3,3,2,2,1,2,0,0
371,0,40s,4,5,-3,2,4,3,1,5,0,0
372,0,40s,4,3,1,4,1,2,1,5,0,1
373,1,30s,4,3,-1,1,4,1,0,4,0,0
374,1,30s,4,4,0,2,4,1,1,5,1,0
377,0,50s,5,9,0,2,2,2,1,5,0,0
379,0,30s,4,2,-1,1,4,2,1,5,0,0
380,0,50s,4,4,0,5,4,1,1,5,1,0
381,0,40s,5,5,0,1,4,1,0,2,1,0
382,1,20s,2,2,0,3,4,2,0,4,0,0
383,1,40s,4,1,0,2,4,1,1,4,0,0
384,0,40s,2,5,5,3,1,2,1,5,0,0
385,0,30s,5,15,3,3,4,3,1,5,0,0
389,1,20s,2,3,-4,3,4,2,0,4,0,0
392,0,40s,5,4,-3,3,4,3,1,5,1,0
393,0,40s,4,2,-1,3,4,1,1,5,1,0
394,0,40s,4,6,0,2,4,1,1,5,0,0
396,1,30s,4,6,-2,1,4,1,1,5,0,0
398,1,40s,4,6,-4,1,4,1,1,4,0,0
399,1,40s,4,3,-3,4,4,3,0,5,1,0
400,0,50s,4,11,-1,3,3,3,1,5,1,0
401,0,50s,4,3,0,1,4,2,1,5,0,0
403,1,60s,4,6,0,2,4,2,1,4,0,0
406,0,40s,4,1,0,2,3,1,1,5,0,0
407,0,20s,4,1,0,2,3,2,0,4,0,0
410,0,20s,4,3,0,3,4,2,1,5,1,0
411,1,50s,1,5,0,3,2,1,1,5,0,0
412,1,30s,3,3,2,4,3,2,1,4,0,0
415,1,60s,4,4,-3,4,4,3,1,5,0,0
416,1,40s,4,8,-4,4,4,1,1,5,0,0
417,0,20s,4,4,-3,5,4,1,1,5,1,0
420,0,50s,4,4,-1,1,4,1,1,4,0,0
424,1,40s,5,9,-3,2,4,1,1,5,1,0
427,1,40s,4,2,-1,1,4,1,0,4,0,0
428,0,40s,2,5,0,4,4,2,1,4,0,0
429,1,40s,5,6,2,4,4,3,1,5,0,0
430,1,40s,3,3,0,1,4,2,1,4,0,0
431,0,50s,4,6,-2,3,4,2,1,5,1,0
434,0,60s,2,2,0,3,4,1,1,5,1,0
436,1,60s,4,4,2,3,4,3,1,5,1,0
437,0,40s,4,2,-1,4,4,2,1,4,0,0
438,0,50s,4,5,0,3,4,2,1,4,1,0
441,1,60s,4,9,-3,4,4,2,1,5,1,0
443,0,30s,4,4,0,3,1,1,0,4,1,0
444,0,20s,3,3,2,3,3,2,1,4,0,0
449,0,20s,2,1,0,3,4,2,1,5,0,0
450,0,30s,4,9,0,3,4,2,1,5,1,0
451,0,40s,4,5,0,1,4,2,1,4,0,0
452,1,30s,4,7,0,3,2,2,1,4,0,0
454,0,40s,3,1,-2,1,4,1,1,5,0,0
456,0,50s,4,4,0,4,4,3,1,5,0,0
457,0,40s,4,3,-3,2,3,2,1,5,0,1
458,0,50s,4,2,0,3,4,1,1,4,0,0
459,1,40s,3,3,-3,3,4,1,1,5,0,0
462,1,50s,4,4,0,2,4,1,1,5,1,0
463,1,40s,4,2,-1,2,4,2,1,5,1,0
464,0,40s,2,1,0,4,4,1,1,5,0,0
468,0,30s,4,5,-2,5,4,3,1,5,0,0
469,0,50s,4,7,-2,3,4,1,1,4,1,0
471,1,20s,4,7,-3,4,4,1,1,5,1,0
472,0,30s,3,4,0,1,4,1,1,5,0,0
473,1,20s,3,5,0,3,2,1,1,4,1,0
474,1,60s,4,7,0,2,4,1,1,4,0,0
475,0,50s,2,2,0,2,4,1,1,5,0,0
477,0,50s,3,7,-1,2,4,2,1,4,0,0
478,1,50s,4,3,-1,3,4,2,1,5,1,0
480,0,40s,4,1,-1,4,4,2,1,4,0,0
481,0,40s,4,7,0,3,4,2,1,5,0,0
483,1,50s,3,7,2,4,4,2,1,4,0,0
484,0,60s,4,2,-2,3,4,3,1,5,0,0
485,1,30s,2,4,0,2,4,2,1,5,0,0
486,0,20s,2,2,2,4,3,1,1,5,0,0
487,1,30s,4,3,1,1,3,2,1,4,0,0
489,0,50s,5,3,1,3,3,2,1,5,0,0
490,0,30s,5,6,-2,3,4,1,1,5,0,0
491,1,40s,3,3,1,3,4,1,1,4,0,0
492,0,50s,4,2,-4,2,4,2,1,5,0,0
493,1,30s,4,7,-2,4,4,3,0,4,0,0
494,1,40s,4,2,-2,4,4,3,1,5,0,0
495,0,40s,4,6,-3,1,4,1,1,5,1,0
497,1,60s,2,4,3,1,3,1,1,5,0,0
498,0,40s,4,15,1,2,4,2,1,4,0,0
499,1,30s,4,7,1,2,4,1,1,5,0,0
500,1,20s,4,2,0,5,4,3,1,5,1,0
501,1,30s,4,11,-2,3,4,3,1,5,0,0
504,1,60s,4,8,0,4,3,3,1,4,0,0
505,0,40s,4,6,0,3,2,2,1,4,0,0
507,1,30s,3,2,0,2,4,2,1,5,0,0
508,1,30s,3,4,-4,5,4,3,1,5,0,0
509,1,20s,3,5,3,1,3,3,1,5,0,0
510,0,20s,4,8,4,3,1,1,0,2,0,0
512,1,60s,1,1,1,1,4,1,1,5,0,0
513,0,60s,3,7,3,3,3,1,1,5,0,0
514,1,30s,4,7,-1,2,4,2,1,5,0,0
516,1,40s,4,2,3,3,4,1,1,5,0,0
517,1,40s,4,3,0,3,4,2,1,5,0,0
518,1,30s,4,1,-1,4,4,3,1,4,1,0
520,1,50s,4,9,0,3,2,3,1,4,0,0
521,1,40s,4,3,0,2,4,1,1,4,1,0
523,0,30s,3,2,0,3,4,1,1,5,0,0
524,0,40s,4,4,1,3,3,2,1,5,0,0
525,1,40s,4,7,-3,2,4,2,1,4,0,0
526,1,60s,3,6,0,3,4,3,1,4,0,0
527,0,50s,4,5,0,3,2,3,1,4,0,0
529,0,30s,4,2,-2,4,4,2,1,5,0,0
530,1,50s,4,6,0,4,3,2,1,5,0,0
531,1,60s,2,5,-2,3,4,2,1,5,1,0
533,1,30s,4,1,-2,2,4,1,1,5,1,0
534,0,20s,4,1,-5,4,4,3,1,5,0,0
535,1,50s,2,3,0,2,4,2,1,5,0,0
536,1,30s,4,2,0,4,3,1,1,5,0,0
538,0,20s,4,3,2,3,3,1,1,5,1,0
539,0,40s,4,3,-1,3,4,2,1,5,0,0
541,1,40s,4,4,1,2,4,1,1,4,0,0
543,0,40s,3,3,-2,2,4,1,1,5,0,0
544,1,20s,4,1,-2,3,3,2,1,5,0,0
545,0,60s,2,3,1,1,3,2,1,5,0,0
546,0,60s,4,4,5,2,2,2,1,5,0,0
548,0,40s,5,2,2,1,3,2,1,4,0,0
549,0,40s,4,9,0,2,4,1,1,5,0,0
551,1,30s,3,3,0,3,2,1,0,4,0,0
552,0,40s,4,1,-2,4,4,3,1,5,0,0
553,1,50s,2,2,-3,4,4,1,1,5,0,0
554,0,40s,3,4,0,3,4,2,1,5,1,0
555,1,50s,2,9,2,3,4,2,1,5,0,0
556,0,40s,2,3,0,4,4,2,1,5,0,0
557,1,60s,2,2,0,4,2,2,1,4,0,0
558,0,50s,4,3,0,3,4,1,1,4,0,0
559,0,20s,4,3,-2,4,4,3,1,5,0,0
560,1,30s,3,3,0,1,2,1,1,5,0,0
561,0,40s,4,3,1,2,4,1,1,4,1,0
562,0,60s,5,4,2,3,2,2,1,5,0,0
564,0,30s,5,15,0,3,3,1,0,4,0,0
566,1,60s,2,1,0,3,4,1,1,4,0,0
567,1,30s,4,5,-1,2,4,3,1,5,0,0
568,1,50s,4,5,0,3,4,2,1,5,0,0
570,0,20s,3,4,0,3,2,1,0,4,0,0
571,0,20s,4,2,-2,5,4,3,1,5,1,0
572,1,40s,2,3,0,2,3,2,1,4,0,0
574,0,40s,3,5,-2,2,4,1,1,5,0,0
575,0,20s,2,6,-3,2,4,2,0,4,0,0
576,1,40s,4,2,0,3,4,1,1,5,1,0
577,0,50s,4,8,1,1,4,1,1,5,0,0
579,1,40s,4,4,-1,2,4,2,0,4,0,0
580,0,60s,5,7,3,3,1,1,1,5,0,1
581,0,30s,3,2,0,3,4,1,1,5,0,0
588,0,60s,3,4,2,1,4,1,1,2,0,0
589,1,30s,4,4,-2,2,4,2,1,5,1,0
590,1,30s,5,3,-2,4,4,2,1,5,1,0
592,0,50s,2,3,0,2,4,1,1,5,0,0
593,1,60s,4,5,0,3,3,2,1,5,0,0
596,1,20s,4,4,2,3,3,2,1,4,0,0
598,1,20s,4,15,-3,5,4,3,1,5,0,0
599,0,50s,4,5,3,3,1,2,1,5,0,0
600,1,50s,4,6,4,3,3,2,1,5,0,0
603,0,50s,4,5,1,4,3,1,1,2,0,0
605,1,30s,4,2,0,4,4,3,1,5,0,0
606,0,20s,3,1,-2,2,4,2,1,5,0,0
608,0,30s,4,3,-1,1,4,3,1,5,0,0
609,0,20s,4,1,2,4,4,1,0,5,0,0
610,1,40s,4,3,0,1,3,3,1,5,0,0
611,0,30s,4,3,0,3,4,2,1,5,1,0
613,0,40s,4,3,-3,5,4,2,1,5,0,0
614,0,30s,4,4,1,2,4,1,1,5,0,0
615,0,40s,2,2,3,3,4,1,1,5,0,0
617,1,30s,4,3,0,2,4,2,1,5,0,0
618,0,40s,3,1,0,3,3,2,1,4,0,0
620,0,20s,2,5,-1,3,4,2,1,5,1,0
621,1,40s,4,4,0,2,3,2,1,4,0,0
622,0,50s,4,6,0,3,3,1,1,4,0,0
623,1,20s,4,1,-5,1,4,2,0,5,0,0
624,1,40s,3,1,0,2,4,1,1,5,0,0
626,1,30s,4,2,-5,2,4,2,1,5,0,0
628,0,20s,4,7,0,2,4,1,1,5,0,0
629,0,40s,4,5,0,2,4,3,1,5,0,0
631,0,40s,4,3,0,2,4,1,1,5,0,0
632,1,40s,4,5,-1,3,4,3,1,5,0,0
633,1,30s,3,3,0,3,2,1,1,4,0,1
634,1,50s,4,5,-1,2,4,2,1,5,0,0
635,0,50s,4,6,-4,3,4,3,1,1,1,0
638,1,50s,2,5,0,3,4,1,1,5,0,0
640,0,50s,2,2,-3,3,4,1,0,5,0,0
641,1,20s,4,9,3,3,4,2,1,4,0,0
642,1,50s,4,1,0,4,4,1,1,5,0,0
643,0,50s,4,8,0,3,4,1,1,5,1,0
644,0,20s,4,1,-3,2,4,1,0,4,0,0
646,0,40s,4,6,-2,3,4,1,1,5,1,0
647,1,40s,4,5,-3,4,4,2,1,5,1,0
648,0,30s,2,1,0,4,4,3,1,5,0,0
649,0,30s,2,1,1,2,3,2,0,2,0,0
653,0,30s,5,4,-2,1,4,3,1,5,0,0
655,0,40s,3,4,0,2,4,2,1,4,0,0
656,0,30s,4,4,0,2,4,2,1,4,0,0
657,0,50s,4,5,0,3,4,1,1,5,1,0
658,0,60s,3,3,0,1,4,1,1,4,0,0
659,1,50s,4,5,-2,3,3,1,1,5,0,0
661,1,40s,4,7,3,2,4,2,1,4,0,0
663,1,30s,5,8,0,3,4,3,1,5,0,0
664,0,60s,3,5,3,4,4,1,1,5,0,0
665,0,20s,2,2,-4,2,4,1,1,5,0,0
666,1,30s,4,3,0,3,4,2,1,5,0,0
667,1,60s,3,6,-1,3,2,1,1,5,0,0
669,1,60s,3,6,4,4,3,2,1,4,0,0
670,0,60s,5,7,4,4,1,3,1,5,0,0
672,1,50s,4,5,0,3,4,1,1,5,0,0
673,0,60s,2,2,0,3,4,2,1,5,0,0
674,0,40s,2,3,-3,3,2,3,1,5,0,0
675,0,50s,4,5,-2,3,4,2,1,5,1,0
676,1,40s,4,6,0,3,4,3,1,4,0,0
678,0,50s,2,4,-2,4,4,2,1,5,1,0
680,1,30s,5,3,-2,3,4,3,1,5,0,0
681,1,20s,4,3,0,2,3,1,1,5,0,0
682,0,30s,4,2,-1,2,4,2,1,5,0,0
683,1,60s,2,3,0,3,3,2,1,5,0,0
684,1,40s,5,3,1,3,3,2,1,5,0,0
685,1,20s,4,10,-5,3,4,3,1,5,0,0
686,0,40s,3,7,0,3,4,3,1,5,0,0
687,0,60s,4,8,-3,4,3,2,1,4,0,0
688,1,40s,4,3,-3,3,4,2,1,5,0,0
689,1,40s,3,2,0,3,4,2,0,5,0,0
690,1,40s,4,5,-1,3,4,1,1,5,0,0
691,1,40s,5,2,-2,3,4,3,1,5,0,0
692,0,50s,4,5,1,4,3,3,1,4,0,0
694,1,20s,4,3,-4,2,4,2,1,5,0,0
695,0,30s,5,4,-1,4,4,3,1,5,0,0
696,1,30s,2,5,0,2,4,2,1,4,0,0
697,0,20s,4,3,-3,2,4,2,0,5,0,0
700,0,20s,5,1,-1,3,2,2,1,5,0,0
701,1,30s,3,3,1,4,4,3,1,4,0,0
703,0,60s,4,1,-1,1,4,1,1,5,0,0
705,0,50s,5,5,5,3,1,3,1,5,0,0
706,0,50s,2,3,0,2,4,2,1,4,0,0
707,0,40s,4,5,2,2,3,2,1,4,0,0
709,1,40s,3,3,0,3,4,2,1,5,0,0
710,0,40s,5,9,3,3,4,2,1,5,0,0
712,1,20s,4,5,-3,2,4,3,1,5,0,0
713,1,60s,4,2,-3,4,4,1,1,5,0,0
715,0,50s,5,4,0,3,4,3,1,5,0,0
716,0,50s,3,2,0,1,4,3,1,5,1,0
717,0,40s,4,6,-1,3,4,3,1,5,0,0
718,0,20s,5,1,-1,2,4,3,1,5,1,0
719,0,30s,4,2,2,2,4,3,0,4,0,0
722,0,20s,4,15,0,2,4,3,1,4,1,0
724,0,30s,5,13,-2,3,4,2,1,5,1,0
725,0,20s,4,4,-2,4,4,1,0,4,1,0
726,1,30s,4,2,-3,1,4,1,1,5,1,0
727,0,50s,5,3,0,3,4,2,1,4,1,0
728,1,30s,4,11,-3,4,4,3,1,5,1,0
730,0,60s,2,5,1,2,3,1,1,5,0,0
732,1,30s,4,1,0,3,2,2,1,4,0,0
733,1,20s,4,11,1,3,4,3,0,5,0,0
734,0,30s,4,5,-1,2,4,3,1,5,1,0
735,0,50s,5,6,1,2,4,1,1,5,0,0
737,0,50s,4,4,-1,3,4,1,1,5,1,0
739,0,40s,2,2,2,2,4,1,1,5,0,0
742,1,40s,3,3,0,3,4,1,1,4,0,0
744,1,50s,4,5,0,4,3,3,1,5,0,0
745,1,30s,4,2,0,2,4,1,1,5,0,0
746,1,40s,5,5,-1,3,4,2,1,5,0,0
747,1,30s,4,1,-4,1,4,2,1,4,0,0
748,0,60s,2,3,-5,4,4,1,0,5,1,0
749,0,40s,4,3,-4,3,4,3,1,5,0,0
752,0,20s,4,2,-2,3,4,3,1,5,0,0
755,1,40s,5,3,1,2,4,3,1,4,0,0
757,0,40s,4,3,1,4,3,3,1,4,0,0
758,0,50s,5,4,2,3,4,3,1,5,0,0
761,0,60s,3,3,1,1,1,2,1,4,0,0
762,0,40s,4,3,-3,3,4,1,1,5,0,0
766,0,20s,4,1,0,3,4,3,0,5,1,0
767,0,60s,2,4,0,2,2,2,1,4,0,0
772,1,50s,2,3,0,3,4,1,1,4,0,0
773,1,20s,4,6,2,2,4,2,1,5,0,0
775,0,60s,1,2,-3,2,4,1,1,5,0,0
776,1,60s,2,1,-3,3,1,1,1,4,0,0
777,1,60s,4,6,-3,3,1,2,1,4,0,0
778,0,40s,3,5,1,3,3,3,1,5,0,0
779,0,40s,4,2,-2,2,4,2,1,5,0,0
781,0,20s,4,2,-4,4,3,3,1,5,1,0
783,1,40s,2,4,0,2,4,1,1,4,0,0
784,1,50s,4,2,0,2,4,2,0,2,0,0
786,0,40s,4,6,2,3,4,3,1,5,0,0
787,1,60s,4,4,-1,4,4,2,1,5,0,0
790,1,40s,4,6,0,2,4,3,1,4,0,0
791,0,20s,4,8,4,5,2,3,1,5,0,0
792,1,30s,3,7,0,4,3,2,1,5,0,0
794,1,20s,4,4,-1,1,4,1,0,5,1,0
795,0,40s,2,3,0,1,4,2,1,5,0,0
797,0,50s,5,5,-1,3,4,3,1,5,1,0
798,1,60s,2,6,0,3,4,1,1,4,0,0
799,0,30s,2,2,0,3,4,2,1,4,0,0
800,0,50s,4,3,0,1,3,2,1,5,0,0
801,1,50s,3,4,-3,4,4,1,1,5,0,0
802,0,50s,4,5,0,2,4,2,1,4,0,0
803,1,40s,3,5,3,2,3,2,1,4,0,0
805,1,40s,3,5,0,4,4,2,1,5,0,0
806,1,30s,4,2,-1,2,2,1,1,5,0,0
807,1,30s,4,1,-5,3,4,1,1,4,0,0
808,0,40s,5,15,0,3,4,3,1,5,0,0
811,0,40s,4,5,-4,3,4,1,1,5,1,0
812,1,60s,3,5,-3,3,4,3,1,5,0,0
813,1,50s,2,3,0,3,4,2,1,5,0,0
814,0,40s,4,7,-4,4,4,3,0,5,0,0
815,0,60s,3,4,-3,4,4,1,1,5,0,0
816,1,60s,2,3,0,2,4,2,1,5,0,0
817,1,30s,3,4,0,1,4,2,1,5,0,0
819,0,20s,4,2,-1,2,4,2,0,5,1,0
820,1,60s,2,5,-1,2,4,1,1,5,0,0
821,1,20s,3,5,0,1,4,1,0,1,0,0
822,1,30s,2,5,-3,1,4,3,1,5,0,0
824,1,30s,4,5,0,3,3,3,1,4,0,0
826,0,20s,4,4,-1,3,3,2,1,5,0,0
827,0,30s,5,5,-1,2,3,1,1,5,0,0
828,0,20s,4,2,-4,1,4,3,1,5,1,0
829,1,50s,4,1,-1,2,4,1,1,4,0,0
833,0,60s,5,7,-2,3,4,3,1,5,0,0
835,0,50s,2,4,-4,2,4,2,1,5,1,0
836,1,20s,4,6,0,3,4,3,1,5,0,0
837,0,30s,4,3,0,3,4,1,1,5,0,0
838,0,50s,4,6,2,1,4,2,1,4,0,0
841,1,40s,3,5,3,1,4,2,1,5,1,0
842,1,50s,4,4,0,3,3,2,1,4,0,0
843,1,60s,3,5,0,3,3,1,1,4,0,0
844,0,50s,4,6,-2,3,4,2,1,4,1,0
845,0,40s,4,6,-2,3,4,3,1,5,1,0
846,0,40s,4,4,-2,3,4,2,1,5,0,0
847,0,50s,3,4,0,2,1,3,1,5,0,0
848,1,50s,4,5,0,2,4,2,1,5,0,0
849,1,60s,4,2,1,3,4,1,1,4,0,0
855,1,50s,4,4,-3,2,4,2,1,5,0,0
857,1,50s,2,3,4,2,3,1,0,2,0,0
859,0,50s,4,2,5,1,3,2,1,4,0,0
864,0,30s,3,1,-1,2,4,1,1,5,0,0
868,1,40s,4,3,0,2,3,2,0,2,0,0
870,1,40s,4,4,-4,4,4,2,1,5,1,0
871,0,60s,2,3,0,5,4,1,1,5,0,0
875,0,20s,3,1,0,4,4,2,1,4,0,0
876,1,40s,5,10,-5,2,4,3,1,5,0,0
877,0,60s,4,14,-4,1,4,3,1,5,0,0
879,1,40s,2,1,-1,3,4,1,1,4,0,0
881,1,40s,4,8,-2,2,4,1,1,5,0,0
884,1,60s,2,1,5,3,4,2,1,5,0,0
885,1,30s,3,5,-5,3,2,3,1,5,0,0
886,1,40s,4,5,0,2,4,1,1,5,0,0
887,1,40s,4,3,0,3,4,1,1,4,0,0
888,0,50s,5,12,-1,3,4,1,1,5,0,0
889,0,50s,4,4,0,1,4,1,1,5,0,0
890,0,50s,4,2,-2,2,4,3,1,4,0,0
893,0,20s,4,12,-1,3,3,2,0,5,0,0
894,0,40s,4,11,-3,5,4,3,1,5,1,0
895,1,30s,4,6,-2,3,4,3,1,5,0,0
896,1,60s,4,11,1,2,3,2,1,5,0,0
898,0,30s,4,4,0,4,4,3,0,5,0,0
899,0,20s,4,11,0,1,1,1,0,4,0,0
901,0,40s,4,3,-1,1,4,1,1,5,0,0
902,0,40s,4,2,0,1,3,1,1,5,0,0
903,1,30s,4,4,-1,3,3,2,1,5,1,0
905,0,40s,3,3,0,2,4,3,0,4,0,0
906,0,40s,3,3,0,3,4,3,1,5,1,0
907,1,50s,4,4,0,2,4,2,1,5,0,0
908,0,50s,4,4,5,1,1,3,1,5,0,0
909,0,20s,3,6,-2,4,4,1,1,5,0,0
911,1,30s,4,9,-1,2,4,1,1,5,0,0
912,1,60s,4,8,-3,3,4,2,1,5,0,0
913,1,20s,4,8,0,2,4,2,0,5,1,0
914,1,60s,2,4,3,2,1,1,0,2,0,0
918,1,40s,2,2,0,3,2,1,1,5,0,0
919,1,50s,2,8,0,3,4,2,1,4,0,0
920,0,60s,4,9,3,1,1,1,1,4,0,0
921,0,40s,2,3,1,2,1,3,1,2,0,0
922,0,20s,4,3,-2,2,4,2,1,5,0,0
923,1,20s,4,8,-3,3,4,2,1,5,0,0
924,1,30s,4,5,1,2,4,1,1,5,1,0
925,0,50s,4,4,2,3,2,1,1,5,0,0
927,0,60s,4,2,0,3,4,1,1,5,0,0
929,0,50s,4,4,0,4,4,3,1,5,0,0
931,0,30s,4,3,-1,1,4,3,1,4,0,0
932,0,60s,4,5,3,2,4,1,1,5,1,0
935,1,20s,2,12,-3,3,4,1,0,5,1,0
937,0,40s,4,5,0,3,4,2,0,4,0,0
938,0,40s,4,5,-4,3,4,2,1,5,1,0
941,0,60s,5,8,2,3,4,3,1,5,0,0
942,1,40s,4,7,-3,2,4,1,1,5,0,0
943,0,20s,4,2,1,3,4,3,1,5,0,0
944,0,30s,4,8,-1,2,4,2,1,5,1,0
945,0,30s,4,4,3,2,3,1,1,5,0,0
947,1,30s,4,2,0,4,4,3,1,5,0,0
948,0,20s,3,2,0,2,4,3,1,5,0,0
949,0,20s,3,3,2,3,4,1,0,5,1,0
950,0,30s,4,7,-1,3,4,2,1,5,0,0
951,1,20s,4,5,-1,3,4,1,1,5,1,0
953,1,30s,4,4,-2,2,4,2,1,5,0,0
954,1,20s,4,7,-5,4,4,1,0,5,1,0
955,1,40s,2,1,0,2,4,3,1,5,0,0
956,1,50s,4,3,-1,3,4,1,1,4,0,0
959,0,40s,4,4,0,2,4,1,1,4,1,0
960,0,20s,4,3,-2,4,4,2,1,5,0,0
961,1,50s,2,4,-1,3,2,2,1,4,0,0
964,0,40s,3,3,-2,2,4,3,1,5,0,0
965,0,50s,4,7,-2,4,4,3,1,5,0,0
966,0,30s,4,7,0,1,4,1,1,5,0,0
967,1,40s,3,4,-5,3,4,3,1,4,0,0
968,0,50s,5,4,0,2,3,2,1,4,0,0
971,1,40s,5,1,0,2,4,2,1,2,0,0
973,0,20s,4,3,0,1,4,3,1,5,0,0
974,1,40s,4,6,-1,2,4,2,1,4,1,0
975,0,60s,5,14,3,1,4,2,1,5,0,0
976,1,40s,4,6,-1,2,4,1,1,5,1,0
977,0,40s,4,6,-3,3,4,2,1,5,1,0
978,0,40s,4,3,-1,4,4,3,1,5,0,0
981,0,40s,5,4,2,3,4,2,1,5,0,0
982,0,60s,4,2,0,4,4,2,1,5,0,0
983,1,30s,4,2,0,3,4,1,0,5,0,0
984,1,50s,2,3,-5,3,4,2,1,5,1,0
985,0,30s,4,3,0,3,4,3,1,5,0,0
987,1,30s,3,4,-2,4,4,1,1,5,0,0
989,1,50s,4,6,2,2,4,2,1,4,0,0
991,1,60s,2,8,1,3,4,3,1,5,1,0
992,0,30s,4,7,2,2,4,3,1,5,0,0
993,0,20s,4,4,1,2,4,1,1,5,0,0
994,1,30s,4,1,0,3,3,2,1,4,0,0
995,0,50s,4,3,5,2,1,3,0,2,0,0
997,0,40s,3,1,0,2,4,1,1,5,0,0
999,0,60s,3,5,4,2,2,3,0,5,0,0
1000,0,30s,4,5,-1,3,4,2,1,5,0,0
1003,1,30s,3,3,0,4,4,2,1,5,1,0
1004,0,50s,5,5,2,1,3,1,1,4,1,0
1005,0,40s,4,1,-3,3,4,3,1,4,0,0
1006,0,20s,4,2,0,2,4,1,1,4,0,0
1007,1,20s,4,3,-2,3,4,2,1,5,0,0
1008,1,50s,2,4,-1,3,4,3,1,5,0,0
1009,0,30s,3,6,0,1,4,3,1,5,0,0
1010,1,40s,3,3,0,3,3,3,1,4,0,0
1012,0,30s,4,13,-2,3,4,1,1,5,0,0
1013,1,30s,4,5,3,3,3,1,1,4,0,0
1014,0,30s,4,6,0,1,4,2,0,4,0,0
1016,0,40s,3,5,-1,4,4,1,1,4,0,0
1017,0,30s,4,10,3,2,4,3,1,4,0,0
1018,1,40s,4,4,-1,3,4,3,1,5,0,0
1020,0,40s,4,4,0,3,4,1,1,4,0,0
1021,1,30s,4,9,0,3,4,1,1,5,1,0
1022,0,60s,4,12,-3,4,4,3,1,5,1,0
1024,1,60s,2,8,0,2,4,3,1,5,0,0
1028,0,20s,4,10,0,3,4,2,1,4,0,0
1029,0,30s,5,4,0,2,3,2,1,5,0,0
1030,1,40s,3,3,0,3,4,3,1,5,0,0
1031,0,40s,3,2,-4,2,4,1,1,5,0,0
1034,1,60s,2,2,0,1,4,1,1,5,0,0
1036,1,20s,4,12,0,3,3,1,0,5,0,0
1037,0,50s,4,5,0,2,4,2,1,4,0,0
1038,1,30s,4,3,-3,4,4,3,1,5,0,0
1041,0,40s,4,6,0,2,4,2,1,4,0,0
1044,0,20s,4,2,0,5,4,2,1,5,0,0
1045,1,30s,3,5,0,3,4,3,1,5,0,0
1046,1,40s,2,6,-2,4,4,3,1,5,1,0
1048,0,50s,5,7,-3,3,4,3,1,5,1,0
1050,1,40s,4,2,1,2,4,1,0,5,0,0
1051,1,20s,4,6,0,1,4,1,0,5,0,0
1053,1,40s,3,3,-3,2,3,3,1,4,0,0
1054,0,50s,4,6,-2,5,4,3,1,5,0,0
1055,1,60s,4,4,0,2,4,2,1,4,0,0
1057,0,30s,3,4,0,2,4,3,1,5,0,0
1058,1,50s,2,2,0,3,4,1,1,5,0,0
1059,1,20s,4,5,0,1,4,3,0,5,1,0
1060,1,20s,4,5,0,4,4,1,1,5,1,0
1063,0,50s,4,4,-3,1,4,1,1,5,0,0
1064,0,40s,4,4,4,1,4,2,0,5,0,0
1065,1,30s,4,4,1,2,4,1,1,5,0,0
1066,0,40s,5,3,-1,3,4,1,1,5,0,0
1067,0,50s,5,6,0,1,4,1,1,5,1,0
1068,0,30s,4,3,0,1,4,2,0,5,0,0
1070,1,30s,4,5,0,2,4,2,1,5,1,0
1072,0,50s,4,3,0,1,1,1,1,1,0,0
1073,1,30s,2,9,0,1,4,3,1,5,1,0
1074,0,50s,4,8,0,2,2,2,1,5,0,0
1075,0,40s,4,6,-1,2,4,3,1,5,1,0
1077,1,30s,4,7,0,3,4,1,1,5,0,0
1078,0,40s,4,2,0,2,4,2,1,5,0,0
1080,0,20s,4,3,3,1,4,1,1,5,0,0
1081,0,50s,4,1,-2,2,4,1,1,5,0,0
1083,0,40s,4,2,0,3,4,2,1,5,1,0
1084,0,20s,4,1,0,3,4,1,0,5,0,0
1086,0,60s,4,1,2,2,1,1,1,5,0,0
1088,1,20s,4,8,0,1,4,1,0,5,0,0
1089,0,40s,4,2,0,3,4,3,1,5,0,0
1090,0,40s,4,5,-4,2,4,2,1,5,1,0
1091,1,60s,4,8,1,2,4,2,1,5,0,0
1092,0,20s,4,2,0,4,4,2,1,5,0,0
1093,1,60s,4,5,0,3,4,3,1,4,0,0
1094,0,20s,3,12,0,3,3,3,1,4,0,0
1095,0,40s,5,3,0,2,4,2,1,5,0,0
1096,0,30s,4,3,-3,1,4,3,1,5,0,0
1097,0,20s,2,7,0,3,4,2,1,5,0,0
1098,1,50s,4,4,0,4,3,2,1,4,0,0
1099,1,40s,3,4,0,2,4,2,1,5,0,0
1101,0,20s,3,2,-1,3,4,2,1,5,0,0
1102,0,20s,4,3,2,2,4,1,1,5,0,0
1103,1,30s,3,4,-5,4,4,3,1,5,0,0
1104,0,50s,2,1,1,4,3,1,1,5,0,0
1105,0,40s,3,3,0,2,4,3,1,5,0,0
1107,0,50s,4,5,-2,4,4,1,1,5,1,0
1108,1,60s,4,8,0,3,4,3,1,5,0,0
1109,1,50s,3,4,-3,4,4,3,1,5,0,0
1111,1,30s,4,4,-2,4,4,1,1,5,0,0
1112,1,40s,2,9,-3,4,4,1,1,4,1,0
1113,1,40s,5,7,1,4,1,2,1,4,0,0
1115,0,40s,5,11,0,2,4,1,0,5,0,0
1116,1,20s,4,13,0,5,4,2,1,5,1,0
1117,1,40s,4,5,-1,1,4,1,1,4,1,0
1120,1,40s,4,5,0,3,4,2,1,4,0,0
1121,0,40s,4,6,2,2,1,3,1,5,0,0
1123,1,30s,3,15,0,2,4,2,1,5,0,0
1125,1,30s,4,1,0,3,4,1,1,5,0,0
1126,0,60s,3,5,0,4,4,1,1,4,0,0
1127,1,30s,2,2,2,4,2,2,1,5,0,0
1128,0,50s,4,7,0,2,4,3,1,5,0,0
1131,1,50s,4,4,-1,2,4,1,1,5,0,0
1132,1,40s,4,8,-4,1,4,1,1,4,1,0
1133,0,50s,4,3,-1,3,4,3,1,5,1,0
1134,1,20s,4,5,-3,2,4,1,1,5,1,0
1135,0,50s,4,5,0,4,4,2,1,5,0,0
1136,0,40s,3,2,0,1,4,1,1,4,0,0
1138,0,20s,4,6,1,4,4,3,1,5,1,0
1140,1,50s,5,6,4,2,3,2,1,1,0,0
1141,0,20s,4,5,-4,3,3,3,1,5,0,0
1142,0,40s,2,3,-1,3,4,1,1,5,0,0
1143,0,60s,2,4,0,2,4,2,1,4,0,0
1144,1,20s,4,14,-2,2,4,2,1,5,1,0
1146,0,20s,4,1,1,4,4,1,1,5,0,0
1147,1,30s,4,4,-1,2,4,2,1,5,0,0
1148,0,40s,5,9,0,2,4,2,1,5,0,0
1149,1,60s,2,6,1,2,4,1,1,4,0,0
1150,1,30s,4,6,-1,3,4,1,1,5,0,0
1151,0,20s,4,4,0,5,4,1,1,5,1,0
1155,1,40s,4,3,-4,4,4,1,1,5,0,0
1156,1,20s,4,4,-3,1,4,2,1,5,1,0
1157,1,20s,4,2,0,3,4,1,1,5,0,0
1158,0,60s,4,4,3,4,3,2,1,5,0,0
1160,1,20s,4,1,0,3,4,3,1,5,0,0
1161,0,40s,5,9,0,2,4,2,1,5,0,0
1162,1,20s,4,5,-2,4,4,1,0,5,0,0
1163,1,50s,4,6,0,2,4,1,1,5,0,0
1165,0,60s,2,1,-1,3,4,1,1,5,0,0
1166,0,40s,4,3,-4,1,4,2,0,5,1,0
1167,0,40s,4,8,-2,2,4,3,1,5,1,0
1169,1,30s,4,7,0,3,4,3,1,5,1,0
1170,1,50s,2,4,3,3,3,1,1,4,0,0
1171,0,30s,4,9,-3,4,4,2,1,4,0,0
1172,1,50s,2,2,0,3,4,3,1,5,1,0
1173,1,40s,4,4,-4,3,4,2,1,5,0,0
1174,0,30s,4,3,0,3,4,1,1,5,0,0
1175,1,40s,4,5,3,3,3,3,1,4,0,0
1176,1,30s,4,7,-2,4,4,3,1,5,0,0
1177,0,50s,4,12,-3,4,4,1,1,5,1,0
1178,0,30s,5,15,-1,3,3,1,1,5,0,0
1180,0,30s,4,5,-2,2,4,3,1,5,1,0
1181,1,30s,4,3,3,3,3,1,1,5,0,0
1183,0,40s,5,5,2,4,4,2,1,5,0,0
1184,1,40s,5,1,-1,3,4,1,0,4,1,0
1185,1,40s,4,3,0,3,4,2,1,4,0,0
1186,1,50s,4,7,3,4,2,2,1,5,0,0
1187,0,50s,4,10,-2,2,4,3,1,5,1,0
1188,0,60s,5,5,0,4,4,2,1,5,0,0
1189,1,40s,4,1,0,1,4,1,1,5,0,0
1190,0,40s,4,2,0,2,4,3,1,5,0,0
1192,1,50s,4,6,0,4,4,3,1,4,0,0
1193,0,60s,2,1,1,2,1,1,1,4,0,0
1194,0,30s,4,3,0,2,4,2,1,5,1,0
1195,0,30s,5,1,0,1,2,3,1,5,0,0
1196,0,50s,2,3,-2,1,4,3,1,5,0,0
1197,0,50s,4,4,0,5,4,2,1,5,0,0
1198,1,20s,4,3,0,4,4,2,1,5,0,0
1201,1,40s,3,4,-3,3,4,1,1,5,0,0
1202,0,40s,5,9,-4,4,4,3,1,5,0,0
1203,0,50s,4,4,-1,2,4,2,1,5,0,0
1204,0,40s,5,4,-4,3,4,2,1,5,1,0
1207,1,40s,4,3,0,3,3,3,1,5,0,0
1208,0,20s,4,4,2,1,4,3,1,5,1,0
1209,1,30s,4,4,-4,4,4,3,1,5,0,0
1211,0,40s,4,15,0,4,4,3,1,5,0,0
1212,1,60s,4,1,-1,2,4,2,1,4,0,0
1213,1,50s,4,4,0,3,4,3,1,5,1,0
1214,1,50s,2,3,-1,3,4,2,1,5,0,0
1216,1,30s,3,1,-1,2,4,2,0,4,0,0
1217,1,30s,5,5,0,3,3,2,1,5,0,0
1218,1,30s,3,5,0,2,4,1,1,5,0,0
1221,0,50s,5,5,-3,2,4,2,1,5,1,0
1222,0,40s,2,4,0,3,4,3,1,5,1,0
1224,0,30s,3,2,0,4,2,1,1,4,1,0
1225,0,30s,5,2,-2,3,4,1,1,5,0,0
1226,1,30s,5,14,0,1,1,3,1,2,0,1
1227,1,20s,3,2,0,2,4,1,1,5,1,0
1229,0,40s,4,3,0,2,3,3,0,2,0,0
1230,1,60s,4,4,0,4,3,2,1,4,0,0
1232,1,40s,3,5,2,2,3,2,1,4,0,0
1233,0,50s,3,4,-2,2,4,2,1,5,1,0
1235,1,20s,4,3,1,2,4,1,1,5,0,0
1236,0,40s,4,2,-3,3,4,2,1,5,1,0
1237,0,30s,4,3,0,4,3,2,1,5,0,0
1239,1,30s,5,6,0,2,3,3,1,5,0,0
1240,1,20s,4,11,0,4,4,2,1,5,0,0
1242,0,40s,3,3,0,2,4,2,1,5,0,0
1243,1,20s,4,2,-5,3,4,3,1,5,1,0
1246,1,60s,4,7,4,3,1,2,1,4,0,0
1247,1,40s,4,3,-5,5,3,3,1,5,0,0
1248,1,40s,4,7,1,2,1,2,1,5,1,0
1249,0,20s,4,2,3,4,4,3,1,5,0,0
1250,1,40s,2,4,0,4,4,1,1,5,1,0
1251,0,50s,4,3,0,3,4,1,1,5,0,0
1252,0,50s,4,4,1,2,1,2,1,5,0,0
1253,0,30s,4,4,-1,2,4,3,1,5,1,0
1255,0,40s,4,2,-3,2,4,2,1,5,0,0
1257,0,40s,4,2,0,1,4,2,1,5,0,0
1260,0,40s,4,5,2,2,4,2,1,5,0,0
1263,1,60s,2,5,4,3,2,1,1,4,0,0
1265,1,60s,4,7,-1,2,4,1,1,4,0,0
1269,0,40s,3,1,0,3,3,2,1,5,0,0
1271,0,50s,5,6,-4,4,4,2,1,1,1,0
1272,1,60s,4,5,0,3,4,2,1,5,0,0
1273,1,60s,3,3,0,4,3,1,1,5,0,0
1274,0,20s,4,2,0,3,4,1,1,5,0,0
1276,0,40s,4,3,-3,4,4,2,1,5,0,0
1277,0,50s,4,6,-2,3,4,3,1,5,1,0
1279,1,60s,2,1,0,3,4,1,1,4,0,0
1280,1,50s,4,6,0,2,4,2,1,5,0,0
1281,0,60s,2,2,5,3,1,2,1,5,0,1
1282,0,30s,4,3,-2,3,4,1,1,5,0,0
1283,0,30s,4,2,3,4,4,3,1,5,0,0
1284,0,50s,4,4,0,3,4,1,1,5,1,0
1285,0,20s,4,5,4,3,2,2,0,5,0,0
1286,1,40s,4,2,-1,3,3,1,1,4,0,0
1287,1,30s,3,4,0,3,4,1,1,5,1,0
1291,0,30s,4,2,-1,2,4,3,0,5,1,0
1293,1,60s,4,8,-2,2,4,1,1,5,0,0
1294,0,20s,4,8,1,4,2,2,1,4,1,0
1296,0,40s,3,1,0,4,4,3,1,5,0,0
1297,0,30s,4,2,0,1,4,3,0,5,0,0
1298,1,20s,4,7,-1,2,4,3,0,5,0,0
1300,1,60s,4,4,2,3,3,1,1,5,0,0
1301,0,50s,4,8,3,2,3,1,0,4,0,0
1303,0,60s,2,4,3,3,1,1,1,4,0,0
1304,0,50s,5,4,2,4,3,3,1,4,0,0
1305,1,20s,2,2,0,3,4,1,0,5,0,0
1307,1,30s,4,2,-3,4,4,2,1,5,1,0
1308,0,30s,4,1,-3,3,4,2,1,5,0,0
1310,0,20s,3,1,-3,5,4,3,1,5,1,0
1311,0,50s,4,4,0,2,4,1,1,5,0,0
1312,0,30s,4,5,0,4,4,2,1,5,0,0
1314,0,30s,4,7,-2,3,4,3,1,5,1,0
1315,0,50s,5,4,-4,3,4,3,1,5,0,0
1316,0,20s,4,1,1,1,4,1,1,5,0,0
1317,1,20s,4,1,-2,4,4,1,1,5,1,0
1318,1,60s,5,3,-2,2,4,2,1,4,0,0
1319,0,60s,2,5,3,2,3,1,1,4,0,0
1320,0,20s,4,3,0,1,4,1,0,5,0,0
1326,1,40s,2,3,4,1,3,1,1,5,0,0
1328,0,40s,5,3,-2,4,4,3,1,5,0,0
1329,0,40s,4,6,-2,3,4,3,1,5,1,0
1330,1,50s,4,8,0,3,2,3,1,4,0,0
1331,1,40s,4,5,-3,1,4,2,1,5,0,0
1332,1,40s,4,5,0,3,4,1,1,4,0,0
1336,0,50s,4,2,-3,3,3,1,1,5,1,0
1337,0,30s,4,4,1,4,3,2,1,5,0,0
1338,1,20s,4,6,-3,2,4,3,1,5,1,0
1339,0,30s,4,3,-1,5,3,3,1,4,0,1
1340,0,60s,2,6,-4,3,4,1,1,5,0,0
1341,0,30s,4,3,0,4,4,3,1,5,0,0
1342,0,20s,4,2,0,2,4,2,1,4,0,0
1344,0,40s,3,4,-1,4,4,3,1,5,1,0
1345,0,40s,4,4,-3,3,4,3,1,5,0,0
1346,0,20s,4,1,0,4,3,3,1,5,0,0
1347,1,20s,4,4,-1,4,4,2,0,5,1,0
1348,1,20s,3,4,0,1,3,2,1,5,0,0
1349,1,40s,4,4,2,1,2,2,1,4,0,0
1351,1,50s,4,6,1,2,3,2,1,4,0,0
1353,1,60s,4,6,0,2,4,2,1,4,0,0
1354,1,60s,4,1,0,1,4,1,1,5,0,0
1357,0,50s,4,3,2,3,3,1,1,5,0,0
1360,1,40s,3,3,0,3,4,2,0,4,0,0
1361,0,40s,4,3,0,4,4,1,1,5,1,0
1364,1,40s,2,4,-3,1,4,2,1,5,0,0
1365,1,40s,2,3,-4,3,4,1,1,5,0,0
1367,0,50s,4,4,-4,4,4,1,1,5,1,0
1368,1,30s,3,4,0,5,4,3,1,5,0,0
1369,0,30s,4,8,1,4,2,2,1,4,0,0
1371,1,20s,4,1,0,2,4,1,0,5,0,0
1372,0,50s,4,1,0,3,4,1,1,5,0,0
1373,1,20s,4,2,0,2,3,2,0,4,0,0
1374,1,50s,3,2,0,1,3,2,1,5,0,0
1375,1,40s,4,4,0,4,4,2,1,5,0,0
1377,1,30s,4,3,-1,5,4,3,1,5,0,0
1378,0,50s,3,4,-1,3,3,1,1,4,0,0
1379,1,40s,3,4,2,3,2,2,0,4,0,0
1380,0,40s,4,3,0,3,3,2,1,5,0,0
1381,1,50s,4,4,2,4,3,1,1,4,0,0
1382,0,20s,3,3,-1,3,4,3,0,5,0,0
1383,1,50s,2,1,1,1,4,2,0,1,0,0
1384,1,20s,4,5,-5,1,3,3,1,5,0,0
1385,0,50s,4,8,0,3,4,2,1,5,0,0
1386,1,60s,4,6,2,3,1,2,0,5,0,0
1387,0,30s,3,5,-2,1,4,1,1,5,0,0
1388,0,60s,2,4,5,1,1,1,1,5,0,0
1391,1,50s,4,6,-3,4,4,1,1,5,1,0
1392,1,50s,2,3,0,3,3,1,1,4,0,0
1396,1,30s,3,2,0,4,4,2,1,5,0,0
1397,0,40s,4,14,2,3,4,2,1,5,1,0
1398,0,60s,4,9,1,2,1,3,1,4,0,0
1399,1,60s,4,5,0,3,3,2,1,4,0,0
1400,1,60s,2,8,0,4,4,2,1,4,0,0
1401,1,30s,3,2,0,3,3,2,1,5,0,0
1402,1,20s,4,1,3,3,1,3,1,5,0,0
1403,1,30s,4,9,-1,3,4,3,1,5,0,0
1404,0,30s,4,8,0,3,4,2,1,4,0,0
1405,0,60s,4,2,0,1,4,2,0,2,0,0
1406,0,40s,4,5,0,2,4,1,1,4,0,0
1407,1,30s,4,5,1,2,4,2,1,4,0,0
1408,1,20s,4,11,0,3,4,3,1,4,0,0
1409,1,60s,1,1,0,3,4,1,1,4,0,0
1410,0,40s,5,3,-3,2,4,3,1,5,1,0
1411,0,50s,4,6,-2,4,4,2,1,5,0,0
1412,0,40s,2,2,-1,2,4,2,1,5,0,0
1414,0,40s,4,4,0,3,4,3,1,5,1,0
1415,1,30s,3,15,0,5,4,3,1,5,0,0
1417,0,30s,3,4,1,2,4,2,0,5,0,0
1418,0,40s,4,5,-2,3,4,2,1,5,0,0
1419,1,40s,3,6,-4,3,4,2,1,5,0,0
1421,1,30s,3,4,-2,4,4,1,1,4,0,0
1422,0,50s,2,3,1,3,3,2,1,4,0,0
1423,0,30s,2,3,-1,2,4,3,1,5,0,0
1424,1,20s,4,2,-5,4,4,3,1,5,1,0
1425,0,30s,4,4,-2,3,4,3,1,5,0,0
1426,1,30s,4,7,-1,3,4,3,1,5,0,0
1427,0,20s,4,2,-2,1,4,1,1,5,0,0
1429,1,40s,1,1,-3,2,4,2,0,4,0,0
1430,1,50s,2,3,3,3,3,2,1,4,0,0
1431,1,40s,4,8,-2,3,4,1,1,5,0,0
1432,0,30s,4,8,0,2,4,2,1,5,1,0
1433,0,50s,3,1,-1,2,3,2,1,5,0,0
1435,0,60s,4,1,-1,3,4,1,1,5,0,0
1436,1,40s,2,3,-3,1,4,3,0,5,0,0
1437,1,40s,4,3,0,3,4,1,1,4,0,0
1440,0,50s,4,4,-2,2,4,1,1,5,1,0
1441,1,30s,4,4,0,2,4,1,0,4,0,0
1442,0,40s,4,5,-1,3,4,2,1,5,0,0
1443,0,30s,2,6,0,2,4,2,0,4,0,0
1444,0,60s,2,5,2,4,4,1,1,4,0,0
1446,1,30s,4,9,-3,2,4,1,1,5,1,0
1447,1,20s,4,2,-2,3,4,3,1,5,0,0
1449,0,40s,2,1,1,1,3,3,1,2,0,0
1450,1,20s,3,8,-1,3,4,2,1,5,1,0
1452,1,20s,4,1,-2,3,4,1,1,5,0,0
1453,0,20s,4,1,1,3,4,3,1,5,0,0
1454,0,20s,4,1,-1,3,1,2,0,5,0,0
1456,1,40s,4,4,-4,3,4,1,1,5,1,0
1457,0,40s,4,3,0,1,4,3,1,4,0,0
1459,1,40s,4,4,0,3,4,2,1,5,0,0
1461,1,50s,4,3,1,3,4,3,0,4,0,0
1462,0,30s,5,9,2,2,4,3,0,1,0,0
1463,0,50s,4,5,-2,2,3,3,1,4,1,0
1464,0,50s,2,5,-1,3,2,2,1,5,0,0
1466,0,50s,2,7,2,3,1,3,1,5,0,0
1467,0,30s,5,3,0,4,4,2,1,5,1,0
1468,1,40s,5,4,0,2,4,2,1,5,1,0
1470,0,40s,3,4,-3,4,4,1,1,5,1,0
1472,0,40s,4,7,-2,3,3,1,1,5,0,0
1473,0,30s,4,1,0,2,3,1,1,4,0,0
1474,0,30s,3,3,3,3,3,3,1,4,0,1
1476,1,50s,2,4,1,2,4,2,1,5,0,0
1477,0,50s,5,9,1,2,3,2,1,4,0,0
1478,0,40s,4,7,-5,1,4,3,1,5,1,0
1480,1,40s,5,2,-1,3,4,1,1,5,0,0
1481,0,40s,2,2,2,4,4,2,1,5,0,0
1482,0,40s,4,2,0,3,4,1,1,5,1,0
1484,1,40s,2,2,1,4,4,1,1,5,0,0
1485,0,20s,3,4,0,1,4,2,0,5,0,0
1488,1,30s,3,4,-3,1,4,1,0,5,0,0
1489,0,50s,5,5,0,2,4,3,1,5,0,0
1490,0,40s,3,8,-3,5,4,1,1,5,1,0
1491,1,30s,4,7,0,4,3,2,1,4,0,0
1493,1,40s,4,5,0,2,2,2,1,5,0,0
1494,1,40s,3,4,4,3,2,2,1,4,0,0
1497,1,50s,3,4,0,1,4,2,1,5,0,0
1498,1,20s,4,2,1,3,4,2,1,5,0,0
1499,1,40s,4,9,2,1,3,3,1,5,0,0
1500,1,40s,4,4,-1,3,4,1,1,4,0,0
1501,1,30s,3,3,-1,3,4,1,1,5,1,0
1503,0,40s,4,5,-3,1,4,2,1,5,0,0
1504,0,50s,5,12,-4,1,4,3,1,4,0,0
1505,1,60s,2,4,0,4,4,1,1,5,0,0
1506,0,30s,4,15,-1,5,4,3,1,5,0,0
1508,0,30s,4,4,-3,4,4,2,1,5,0,0
1511,1,30s,5,5,0,4,4,3,1,4,1,0
1512,0,40s,4,10,0,3,4,2,1,5,1,0
1513,1,40s,4,5,-2,3,4,1,1,5,0,0
1514,0,20s,4,1,0,3,4,1,0,5,0,0
1516,0,60s,5,3,2,1,3,2,1,5,0,0
1517,0,40s,4,3,-5,5,4,1,1,5,1,0
1518,0,30s,4,2,0,2,4,2,1,5,0,0
1520,0,60s,4,4,-2,3,4,3,1,5,0,0
1521,1,60s,4,6,0,2,3,2,1,5,0,0
1522,1,40s,4,5,-2,2,3,2,1,5,0,0
1524,0,50s,3,6,-2,2,4,2,1,5,1,0
1525,1,40s,2,1,-2,3,4,1,1,5,0,0
1526,1,50s,4,8,-2,3,4,2,1,5,0,0
1527,0,50s,4,2,-4,1,4,1,1,5,0,0
1528,0,40s,4,5,0,3,4,1,1,4,0,0
1530,1,20s,4,1,0,2,4,2,1,5,0,0
1531,0,40s,4,6,-2,2,4,1,1,5,1,0
1532,1,40s,4,4,0,4,4,3,1,5,0,0
1533,0,60s,4,9,5,5,3,2,1,5,0,0
1534,0,60s,2,3,3,3,3,2,1,4,0,0
1536,0,60s,3,4,0,3,3,1,1,4,0,0
1537,1,50s,3,3,-1,2,4,1,1,4,1,0
1538,1,40s,4,3,-5,3,4,1,1,5,0,0
1539,1,60s,2,2,2,4,4,1,1,4,0,0
1540,0,50s,4,6,0,2,2,2,1,5,0,0
1542,0,50s,4,6,-5,4,4,2,1,5,0,0
1543,0,30s,4,6,0,2,4,1,1,5,0,0
1544,0,50s,4,5,4,2,3,2,1,5,0,0
1545,1,40s,4,5,-3,3,4,3,1,5,0,0
1547,0,40s,4,4,-1,1,4,1,1,5,0,0
1549,0,20s,4,7,2,3,3,3,0,4,1,0
1550,0,40s,5,12,2,2,2,2,1,4,0,0
1551,1,60s,4,6,0,1,4,2,0,2,1,0
1554,0,40s,5,4,2,3,3,1,1,5,0,0
1556,1,30s,4,4,-1,4,4,2,1,5,1,0
1557,1,40s,4,4,0,3,4,2,0,4,0,0
1558,1,50s,2,2,3,1,2,1,1,2,0,0
1559,0,50s,2,1,0,3,4,2,1,5,0,0
1560,1,20s,4,1,-2,3,4,2,1,5,1,0
1561,0,40s,2,4,-2,1,4,3,1,5,0,0
1562,0,20s,2,1,-1,1,4,1,0,5,0,0
1565,1,60s,4,3,0,5,4,1,1,5,0,0
1566,1,30s,4,2,-3,3,4,1,1,5,1,0
1567,1,50s,2,1,-1,1,3,2,1,5,0,0
1568,0,50s,4,5,-2,3,4,3,1,5,0,0
1569,0,50s,3,3,1,3,3,2,1,5,0,1
1572,0,40s,4,7,2,3,3,3,1,5,0,0
1573,0,30s,4,4,-3,3,4,2,1,5,0,0
1575,0,50s,4,2,-3,2,4,3,1,4,0,0
1576,0,20s,4,9,-2,3,1,3,1,5,0,0
1577,0,30s,4,3,0,2,4,1,1,5,0,0
1578,1,50s,4,8,3,1,4,2,1,5,0,0
1579,0,20s,3,4,-5,3,4,3,0,5,0,0
1580,1,40s,4,6,0,2,4,3,1,5,0,0
1581,0,20s,4,2,0,1,4,2,1,5,1,0
1583,0,30s,4,6,-1,2,4,3,1,5,0,0
1584,0,40s,4,5,-1,3,4,3,1,4,0,0
1585,1,60s,2,1,1,4,3,2,1,5,0,0
1587,0,30s,3,3,0,4,3,2,1,4,1,0
1589,0,30s,4,4,-4,2,4,3,1,4,0,0
1590,1,40s,5,2,-1,3,4,1,1,5,1,0
1591,0,50s,5,5,0,3,4,1,1,5,0,0
1596,1,40s,4,1,-2,2,4,1,1,5,0,0
1597,1,20s,4,4,-2,5,4,2,1,5,0,0
1601,1,20s,4,6,0,5,4,3,0,5,1,0
1602,0,60s,4,2,1,2,1,1,1,5,0,1
1603,0,30s,5,15,-1,2,4,3,1,5,1,0
1604,0,20s,4,9,3,2,4,3,1,5,0,0
1605,1,50s,3,3,3,2,2,2,1,4,1,0
1606,0,50s,3,3,0,3,4,2,1,4,0,0
1607,0,50s,4,5,0,2,4,1,1,4,0,0
1609,1,20s,3,4,-2,4,4,2,0,5,1,0
1610,1,50s,3,3,0,3,4,1,0,2,0,0
1611,0,50s,4,15,1,4,4,2,1,4,0,0
1612,1,60s,4,11,0,3,2,3,1,4,0,0
1613,0,60s,1,2,3,3,1,1,1,2,0,0
1614,1,50s,4,5,1,2,1,1,0,5,0,0
1615,0,60s,4,1,3,2,1,2,1,4,0,0
1616,0,20s,4,4,0,2,4,2,1,5,1,0
1617,1,50s,3,5,-1,3,4,3,1,5,0,0
1620,1,40s,4,4,0,4,4,3,1,4,0,0
1621,0,40s,4,3,0,2,3,2,0,2,0,0
1622,0,30s,4,6,2,3,3,3,1,4,0,0
1623,1,40s,4,6,4,3,4,3,0,5,1,0
1624,1,50s,4,8,-3,1,4,3,1,5,0,0
1625,1,20s,3,12,0,3,4,3,1,5,0,0
1627,0,40s,5,8,0,3,4,2,1,5,0,0
1630,0,50s,4,4,0,3,4,2,1,5,0,0
1632,1,50s,3,5,-2,5,4,2,1,5,0,0
1635,0,40s,4,1,-3,4,4,3,1,5,0,0
1637,1,40s,4,4,-1,3,4,2,1,5,1,0
1638,0,40s,4,8,-1,4,4,2,1,5,0,0
1640,1,30s,4,3,0,2,4,3,1,5,0,0
1641,0,30s,5,10,0,2,4,3,1,4,1,0
1643,0,40s,5,3,-2,4,4,3,1,5,0,0
1644,0,20s,4,2,-3,3,4,2,1,5,0,0
1645,0,60s,5,4,5,1,3,2,1,5,0,0
1647,0,30s,4,4,-1,3,4,2,1,5,0,0
1648,1,50s,4,1,2,1,4,1,1,2,0,0
1649,0,60s,4,5,5,2,4,1,1,5,0,0
1651,0,30s,5,7,3,2,4,2,1,5,0,0
1652,0,30s,4,3,-1,2,4,3,1,5,0,0
1653,0,40s,5,1,0,4,4,3,1,5,0,0
1655,1,50s,2,3,0,1,4,1,1,5,1,0
1657,0,30s,2,1,0,2,4,2,1,5,0,0
1660,0,30s,4,9,-1,3,4,2,1,5,0,0
1662,0,30s,5,8,0,2,3,3,1,5,0,0
1664,0,40s,4,2,0,1,4,2,1,5,0,0
1665,0,20s,3,2,1,3,4,3,1,5,1,0
1666,1,50s,4,10,-1,3,4,2,1,5,0,0
1667,1,50s,4,6,-4,4,4,2,1,5,0,0
1668,1,40s,3,5,-1,2,3,1,1,4,0,0
1669,0,20s,3,6,-4,2,4,3,0,5,0,0
1670,1,20s,4,4,-2,4,4,1,0,5,1,0
1671,0,30s,2,10,0,4,1,3,0,2,0,1
1672,0,40s,4,5,1,2,3,3,1,5,0,0
1673,0,60s,2,5,2,4,1,1,1,4,0,0
1674,0,60s,4,4,-2,4,4,1,1,5,0,0
1675,0,50s,3,3,0,1,4,1,1,5,0,0
1677,1,60s,4,5,0,2,4,1,1,5,1,0
1678,0,50s,4,6,3,2,4,3,1,5,0,0
1679,1,40s,4,6,-4,2,4,1,1,4,0,0
1681,0,40s,4,2,-1,5,4,1,1,5,0,0
1686,1,20s,4,2,-3,3,3,3,1,5,0,0
1688,1,30s,4,4,0,3,4,2,1,5,0,0
1690,1,40s,5,5,0,1,4,1,1,5,0,0
1691,1,60s,4,6,0,4,3,2,1,4,0,0
1692,0,40s,2,3,0,2,4,2,0,5,0,0
1693,0,60s,2,5,0,3,3,1,1,5,0,0
1695,1,30s,4,3,-4,2,4,3,0,5,0,0
1696,0,40s,4,4,0,2,4,3,0,1,0,0
1697,1,40s,3,4,0,3,4,3,0,2,0,0
1700,0,50s,5,6,1,2,2,1,1,5,0,0
1701,1,30s,3,4,0,3,4,2,1,5,1,0
1707,0,60s,3,5,-3,3,4,2,1,5,0,0
1708,0,50s,4,3,2,1,4,3,1,5,0,0
1709,1,40s,4,2,-2,4,4,2,1,4,0,0
1710,0,30s,4,4,-3,2,4,1,1,5,0,0
1711,0,40s,4,4,2,1,4,3,1,5,1,0
1712,0,60s,4,5,-1,3,4,1,1,4,1,0
1713,0,50s,4,9,-2,4,4,3,1,5,1,0
1714,0,30s,4,4,0,2,4,1,1,4,0,0
1715,0,30s,4,6,0,3,4,3,1,5,1,0
1716,0,40s,4,15,2,3,4,3,1,4,0,0
1717,1,50s,4,7,-1,3,4,1,1,5,1,0
1718,1,50s,3,4,-3,4,4,2,1,5,1,0
1721,0,60s,4,7,3,4,3,1,1,5,0,0
1723,1,30s,3,5,0,2,2,2,1,4,0,0
1724,1,30s,5,3,2,4,4,2,1,5,0,0
1726,0,50s,5,6,3,2,4,2,1,4,0,0
1729,0,50s,2,4,-1,3,4,3,1,5,0,0
1730,1,60s,2,5,-1,3,4,1,1,4,1,0
1731,0,30s,2,1,1,3,4,3,1,4,0,0
1732,0,20s,3,5,1,3,4,1,1,4,0,0
1733,1,40s,4,3,1,2,3,2,1,4,0,0
1734,1,60s,5,2,-4,3,4,1,1,4,1,0
1735,1,50s,4,7,-2,2,4,2,1,4,0,0
1736,1,20s,4,8,1,4,2,1,0,4,0,0
1739,1,40s,4,3,-2,3,4,2,1,5,0,0
1740,0,40s,4,3,1,2,4,3,1,5,0,0
1741,0,30s,4,4,0,2,4,2,1,5,0,0
1742,0,60s,4,5,2,1,3,1,1,4,0,0
1743,0,20s,4,4,-3,4,4,2,1,5,1,0
1744,0,20s,4,1,3,4,1,2,1,4,0,0
1745,0,50s,2,5,2,3,1,1,1,5,0,0
1746,0,40s,4,7,-1,4,4,2,1,5,1,0
1747,1,20s,4,1,-3,4,4,3,0,5,1,0
1749,0,20s,4,3,1,2,4,3,1,5,1,0
1750,1,60s,2,5,0,3,4,2,1,5,0,0
1751,1,20s,4,1,-3,1,4,1,1,5,0,0
1752,0,50s,2,2,-2,1,1,1,1,5,0,0
1758,1,30s,5,1,-2,3,4,3,1,5,1,0
1759,1,40s,4,4,-3,3,4,3,1,5,1,0
1760,0,20s,4,4,1,3,3,3,1,4,0,0
1761,1,50s,4,7,0,2,3,1,1,4,0,0
1762,1,50s,4,5,0,3,4,2,1,5,0,0
1768,1,60s,2,8,0,4,4,2,1,4,0,0
1770,1,40s,4,9,0,3,4,2,0,2,0,0
1771,1,30s,4,1,0,2,4,1,0,5,0,0
1772,0,50s,4,6,0,2,4,2,1,5,0,0
1773,0,50s,3,8,-3,2,4,1,1,5,1,0
1777,1,60s,5,3,1,3,3,1,1,2,0,0
1778,0,20s,3,1,0,3,4,1,1,5,0,0
1779,1,20s,3,3,0,1,4,1,0,5,0,0
1780,0,60s,3,6,-2,3,4,1,1,5,0,0
1782,0,60s,2,5,2,2,4,2,1,4,0,0
1783,0,40s,2,3,-3,4,4,2,1,5,1,0
1784,1,20s,4,1,0,4,4,1,1,4,0,0
1785,0,50s,5,3,-1,1,4,2,1,5,1,0
1787,1,60s,4,2,-2,4,4,1,1,5,1,0
1788,0,50s,5,5,-5,3,4,3,1,5,1,0
1790,0,30s,4,9,-5,3,4,1,1,5,0,0
1791,0,40s,4,6,3,3,2,2,1,5,0,0
1792,1,50s,4,2,4,3,4,1,1,5,0,0
1794,1,30s,4,3,-1,2,4,3,0,4,0,0
1795,0,30s,4,11,-3,2,3,1,1,5,1,0
1796,1,30s,3,3,0,2,4,2,1,4,0,0
1797,1,40s,4,4,1,2,4,1,1,5,0,0
1799,0,60s,4,5,0,2,4,1,1,4,0,0
1801,0,40s,5,4,-1,3,4,2,1,4,0,0
1802,0,40s,5,5,-5,5,2,3,1,4,0,0
1808,1,30s,4,5,3,2,2,2,1,4,0,0
1810,1,40s,4,3,0,2,4,2,1,5,0,0
1811,0,50s,3,1,0,2,3,2,0,4,0,0
1812,0,30s,2,6,0,2,2,1,0,4,0,0
1813,1,20s,3,3,-2,2,4,3,1,5,0,0
1814,0,20s,4,3,-1,2,4,3,1,5,0,0
1815,1,40s,4,3,-5,5,3,3,1,5,0,0
1816,0,30s,4,8,0,2,2,3,1,4,0,0
1817,0,60s,5,5,-4,3,4,3,1,5,0,0
1818,0,60s,5,5,1,4,1,1,1,4,0,0
1820,0,30s,2,7,0,2,4,2,1,4,0,0
1821,0,40s,3,5,0,3,4,2,1,5,1,0
1824,1,30s,2,6,2,3,4,3,1,5,0,0
1825,0,30s,2,2,-2,1,4,3,1,5,0,0
1828,1,50s,2,3,1,3,4,2,1,4,0,0
1830,1,50s,3,4,-1,4,4,2,1,5,0,0
1831,0,20s,2,1,1,2,4,3,0,5,0,0
1833,1,30s,3,4,-5,3,4,3,1,5,0,0
1836,0,40s,3,2,1,2,4,2,1,4,1,0
1838,1,60s,4,7,2,1,4,1,1,5,0,0
1839,0,50s,4,1,-2,1,4,3,1,5,0,0
1840,0,60s,4,6,0,2,4,1,1,4,0,0
1841,1,30s,4,1,-1,4,4,2,0,5,0,0
1842,0,40s,4,4,-2,3,4,2,1,5,1,0
1844,1,50s,2,8,0,3,4,2,1,4,0,0
1845,0,40s,4,4,0,5,4,3,1,5,1,0
1846,1,40s,4,1,-1,3,4,3,1,4,0,0
1847,1,20s,3,3,0,2,4,3,0,4,0,0
1848,0,40s,3,5,-2,3,4,3,1,4,0,0
1849,0,30s,4,1,0,3,4,2,0,5,0,0
1851,1,40s,4,13,-2,2,4,2,1,5,1,0
1853,0,40s,5,5,1,3,3,2,1,5,0,0
1856,1,40s,4,1,0,3,3,2,1,4,0,0
1857,1,20s,4,9,1,3,4,2,1,5,1,0
1858,1,40s,3,1,0,1,4,3,1,5,0,0
1859,0,60s,5,4,3,2,2,2,1,4,0,0
1860,0,40s,4,5,2,4,4,3,1,4,0,0
1862,0,40s,5,8,-3,4,4,2,1,5,1,0
1866,1,20s,3,8,2,2,3,3,0,4,1,0
1867,1,30s,2,2,0,5,4,1,1,5,0,0
1868,1,60s,2,6,0,5,4,2,1,5,0,0
1870,1,50s,4,8,-1,4,3,3,1,4,0,0
1871,1,20s,2,7,0,2,4,3,0,4,0,0
1874,1,60s,4,1,3,2,4,1,1,1,0,0
1876,1,30s,3,4,0,1,4,1,1,4,0,0
1878,0,40s,4,5,-1,3,4,2,1,5,0,0
1879,0,40s,4,5,-2,2,4,3,1,5,0,0
1881,1,60s,3,3,-2,2,4,2,0,5,0,0
1883,1,60s,4,6,0,3,4,1,0,4,0,0
1884,0,50s,2,5,-3,2,4,3,1,5,0,0
1885,0,40s,4,2,1,2,4,1,1,5,0,0
1886,0,40s,3,1,0,1,4,1,1,5,0,0
1887,1,60s,1,2,-1,3,4,2,1,5,0,0
1888,1,40s,2,5,3,3,3,2,1,4,0,0
1890,0,50s,4,4,1,2,3,2,1,4,0,0
1891,0,40s,5,6,3,4,2,2,1,5,0,1
1892,0,40s,4,8,-2,2,4,2,1,5,0,0
1896,1,20s,4,4,0,3,4,3,0,4,1,0
1898,1,40s,4,5,1,3,3,2,1,4,0,0
1899,0,40s,3,2,-3,3,4,1,0,4,1,0
1900,1,30s,4,11,2,4,2,3,1,5,0,0
1901,1,60s,4,7,2,4,3,1,1,4,0,0
1904,1,60s,2,3,4,3,2,3,1,5,0,0
1905,0,50s,4,3,2,2,4,3,1,5,0,0
1907,1,40s,3,10,-4,2,4,3,1,4,1,0
1911,0,60s,4,3,0,1,4,2,1,5,0,0
1912,0,40s,4,4,-3,1,4,2,1,5,0,0
1913,1,20s,4,1,0,4,3,3,1,4,0,0
1914,0,50s,3,5,-1,3,3,2,1,4,0,0
1915,1,40s,4,5,-2,1,3,1,1,5,0,0
1916,1,30s,4,3,0,2,4,3,1,5,1,0
1919,1,20s,4,5,0,3,4,1,1,5,0,0
1921,1,30s,4,6,0,1,4,2,1,4,0,0
1922,0,30s,4,2,-2,3,4,3,1,5,0,0
1923,0,30s,2,2,-1,2,4,1,1,5,1,0
1925,0,30s,4,2,0,3,4,3,0,4,1,0
1926,0,20s,2,2,3,3,3,3,1,4,0,0
1927,0,20s,4,1,3,2,2,1,1,5,0,0
1928,1,50s,4,5,-1,4,4,2,1,5,0,0
1930,0,30s,3,6,-2,3,4,3,1,5,1,0
1931,1,30s,4,4,-2,3,4,2,1,5,0,0
1932,0,30s,4,2,0,3,4,2,1,4,0,0
1933,0,40s,4,8,0,3,4,3,1,5,0,0
1934,0,50s,2,10,1,3,4,2,1,5,0,0
1936,0,30s,4,2,-1,2,4,3,1,5,0,0
1939,0,60s,2,1,2,3,2,1,1,5,0,0
1941,1,30s,3,2,2,1,3,2,1,5,0,0
1943,1,20s,4,2,0,4,4,2,1,5,0,0
1944,1,50s,4,2,0,2,3,1,1,4,1,0
1947,1,60s,4,7,0,4,4,1,1,5,1,0
1948,0,60s,1,1,1,2,3,1,1,5,0,0
1949,1,30s,4,3,-4,3,4,1,1,5,1,0
1950,0,20s,4,4,-3,2,4,2,0,5,0,0
1951,1,60s,2,2,-2,3,3,1,1,4,0,0
1952,0,40s,2,5,0,3,4,2,1,5,0,0
1953,0,20s,4,2,-3,2,4,3,1,5,0,0
1955,0,30s,4,3,-2,2,3,1,1,5,0,0
1957,1,50s,4,7,-3,2,4,1,1,5,0,0
1958,1,40s,3,3,0,2,4,2,1,4,0,0
1959,1,60s,5,4,1,1,4,1,1,4,0,0
1960,1,20s,4,7,-4,2,4,2,1,5,0,0
1962,1,50s,4,5,0,2,3,2,1,4,0,0
1963,1,60s,4,1,0,3,4,1,1,4,0,0
1964,0,20s,3,4,-1,2,4,3,0,5,1,0
1966,1,30s,4,4,0,4,4,2,1,5,0,0
1967,0,40s,3,3,-1,2,4,2,0,4,0,0
1969,0,60s,4,5,2,4,1,2,1,5,0,0
1972,0,50s,2,1,0,4,4,1,1,5,0,0
1973,1,20s,4,2,1,1,4,1,1,5,1,0
1974,1,60s,2,8,5,3,4,2,1,5,0,0
1975,1,60s,4,5,2,3,4,1,0,4,0,0
1976,1,60s,2,1,-2,3,4,2,1,5,0,0
1977,1,20s,3,7,-3,2,4,3,0,5,0,0
1978,0,50s,2,5,-2,5,4,2,1,5,0,0
1979,1,40s,4,1,-1,1,4,1,1,5,0,0
1980,0,50s,2,2,-3,2,4,1,1,5,0,0
1981,0,20s,4,2,-1,1,4,2,1,5,0,0
1982,1,60s,4,4,4,2,2,2,1,5,0,0
1983,1,30s,4,5,0,3,4,2,1,4,1,0
1985,1,50s,2,4,0,2,4,3,1,5,0,0
1986,1,40s,2,3,0,3,4,1,1,5,0,0
1987,0,30s,5,7,0,4,4,3,1,5,1,0
1988,1,30s,4,7,0,2,4,3,1,4,0,0
1990,0,30s,4,2,0,4,2,1,1,4,0,0
1993,0,40s,4,5,-5,3,4,3,1,5,1,0
1994,1,50s,4,6,1,5,4,1,1,5,1,0
1995,1,40s,4,6,-2,2,4,2,1,4,0,0
1996,0,60s,4,5,0,1,4,3,1,5,0,0
1997,0,30s,4,2,0,3,4,3,1,5,0,0
1999,1,60s,4,4,1,4,2,2,1,5,1,0
2000,1,40s,3,3,0,2,3,1,1,5,0,0
2001,0,30s,4,3,0,4,4,2,1,5,1,0
2002,0,40s,4,7,3,4,3,2,1,5,0,0
2003,1,50s,4,9,-3,3,4,2,1,5,1,0
2004,0,30s,3,2,0,2,4,1,1,5,0,0
2005,0,40s,4,1,-3,3,4,2,1,5,1,0
2006,0,20s,4,10,0,4,3,3,1,5,0,0
2007,1,40s,4,3,0,2,4,2,1,5,1,0
2008,1,30s,4,2,-2,2,4,3,1,5,1,0
2009,1,20s,4,4,-5,1,4,1,0,5,1,0
2011,1,20s,4,1,0,3,4,2,1,5,1,0
2012,1,40s,3,5,0,4,4,1,1,5,1,0
2013,0,50s,5,1,-5,3,4,1,1,5,0,0
2014,1,50s,4,3,-3,5,4,1,1,5,0,0
2015,0,60s,3,8,3,3,4,3,1,5,0,0
2016,0,50s,3,5,0,3,4,3,1,5,0,0
2018,1,20s,4,5,-2,4,4,2,0,5,0,0
2019,0,50s,4,4,-4,3,4,3,1,5,0,0
2020,0,50s,4,6,1,3,4,2,1,5,0,0
2022,1,50s,4,3,-3,3,4,2,1,5,0,0
2024,0,30s,4,7,-4,4,4,3,1,5,0,0
2025,0,40s,4,15,-4,3,4,3,1,5,1,0
2027,0,30s,4,3,-5,3,4,2,1,5,0,0
2028,0,30s,3,5,-4,3,1,2,1,5,0,0
2029,1,60s,2,6,2,3,1,2,1,4,0,0
2030,1,40s,2,3,0,3,4,3,1,5,0,0
2031,0,50s,4,4,-2,3,4,2,1,5,0,0
2035,0,50s,4,5,0,4,1,3,1,5,0,0
2036,1,40s,4,5,0,2,4,2,1,4,1,0
2037,0,40s,4,5,-1,2,4,3,1,4,0,0
2038,1,30s,5,15,2,3,4,1,1,1,0,0
2040,1,60s,2,1,5,4,1,1,1,5,0,0
2043,0,40s,5,5,-2,4,4,3,1,5,1,0
2044,1,50s,4,7,-1,3,4,2,1,5,1,0
2046,0,30s,5,2,0,3,4,3,1,5,0,0
2048,0,40s,4,3,2,2,3,1,1,5,1,0
2049,1,40s,2,2,0,3,4,1,1,4,0,0
2051,1,60s,4,3,0,3,4,2,1,4,0,0
2053,1,40s,4,4,0,2,4,3,1,4,0,0
2054,1,40s,4,7,-2,2,4,1,1,5,0,0
2055,1,30s,4,6,-3,3,4,2,1,5,0,0
2056,0,20s,4,1,3,1,4,3,1,5,0,0
2058,1,30s,4,2,-1,2,4,2,1,5,1,0
2059,1,50s,4,2,-3,3,3,2,1,5,0,0
2061,1,40s,4,5,2,3,4,2,1,5,1,0
2063,0,40s,2,2,5,3,4,3,0,5,0,0
2064,0,50s,2,1,0,3,4,1,1,4,0,0
2065,1,60s,2,8,0,2,4,1,1,4,0,0
2068,1,20s,4,6,-4,4,4,2,0,5,1,0
2069,1,60s,2,3,3,3,1,2,1,4,0,0
2070,0,60s,2,1,-3,2,2,2,1,5,1,0
2071,0,20s,2,2,0,4,4,3,0,5,1,0
2074,1,40s,4,3,-4,3,4,3,1,5,1,0
2075,0,60s,3,4,4,5,3,2,1,4,0,0
2076,0,40s,5,7,1,1,4,3,1,5,0,0
2079,0,50s,3,4,-2,2,4,2,1,4,0,0
2081,1,60s,4,11,-1,2,4,3,1,5,0,0
2082,0,30s,4,6,-1,4,4,3,1,5,1,0
2083,1,40s,2,4,-3,3,3,1,1,4,0,0
2085,1,30s,3,5,-3,4,4,1,1,5,1,0
2086,1,20s,4,4,1,2,4,2,0,5,0,0
2088,1,40s,4,4,0,3,3,3,1,4,0,0
2091,0,50s,4,6,1,4,4,2,1,5,1,0
2092,1,40s,3,3,-1,2,4,2,1,4,1,0
2093,1,60s,4,15,0,3,4,1,1,5,1,0
2094,1,40s,2,2,0,3,4,1,1,4,0,0
2095,1,30s,3,3,-2,1,4,2,0,4,0,0
2096,0,60s,5,7,0,4,4,2,1,5,0,0
2097,1,30s,4,1,-3,2,4,1,0,5,0,0
2098,0,20s,4,2,0,2,4,1,1,5,0,0
2099,0,50s,4,10,-4,2,4,2,1,5,0,0
2100,0,40s,5,3,0,2,4,1,1,5,0,0
2102,0,50s,5,15,4,2,4,3,1,4,0,0
2103,1,40s,4,8,-2,4,4,3,1,5,0,0
2106,0,20s,2,2,0,5,4,2,1,5,1,0
2108,0,30s,2,1,3,1,2,1,1,5,0,0
2112,1,20s,4,1,-2,2,4,1,1,5,1,0
2114,1,40s,4,5,0,3,4,2,1,5,1,0
2118,1,50s,3,4,-3,3,4,1,1,5,0,0
2119,1,20s,4,5,0,3,4,2,1,5,0,0
2120,0,20s,4,2,0,5,4,1,1,5,0,0
2121,1,50s,4,8,1,3,3,3,1,2,0,0
2122,0,40s,4,3,2,3,3,1,1,4,0,0
2125,0,40s,5,5,2,1,4,1,1,5,0,0
2126,0,30s,4,4,0,1,4,3,1,5,0,0
2127,0,50s,4,5,0,3,3,3,1,4,0,0
2131,1,40s,2,4,-3,2,4,1,1,5,0,0
2132,0,60s,5,4,-1,2,4,2,0,4,0,0
2133,0,40s,5,2,2,2,4,1,1,5,0,0
2135,1,50s,4,5,0,3,3,2,1,4,0,0
2137,0,60s,4,15,-5,1,4,1,1,5,0,0
2138,1,40s,4,6,0,3,4,3,1,4,0,0
2139,0,40s,5,1,-3,1,4,3,1,5,0,0
2140,0,20s,4,1,-4,4,4,1,0,5,0,0
2141,0,20s,4,3,-2,3,4,3,1,5,1,0
2142,0,40s,4,3,-1,4,4,3,1,5,1,0
2144,0,60s,5,6,0,4,4,3,1,5,0,0
2145,0,50s,4,9,0,2,3,2,1,5,1,0
2146,1,40s,5,2,0,2,3,1,1,5,0,0
2148,1,60s,4,10,0,3,4,2,1,5,1,0
2150,1,20s,3,1,2,2,2,3,0,5,0,0
2151,0,40s,2,4,-2,3,4,3,1,5,0,0
2154,1,40s,4,5,0,3,4,2,0,4,0,0
2156,1,40s,4,3,0,2,3,2,1,4,0,0
2158,0,40s,4,3,0,3,4,2,1,4,1,0
2159,1,40s,4,4,0,2,3,3,1,4,0,0
2161,1,50s,3,1,-5,3,4,3,1,5,1,0
2162,0,20s,3,1,-2,2,4,2,0,4,0,0
2164,1,30s,4,3,1,4,4,1,1,5,0,0
2166,1,50s,4,7,-1,1,2,2,0,4,0,0
2167,0,40s,4,6,1,2,4,2,1,5,1,0
2168,1,50s,4,5,0,3,4,2,1,5,0,0
2171,1,40s,5,8,0,4,4,2,1,5,1,0
2172,0,40s,4,4,1,3,3,3,1,5,0,0
2173,1,20s,3,1,-3,2,2,3,0,4,1,0
2174,0,40s,4,3,0,3,4,1,1,5,1,0
2175,1,40s,3,1,0,3,3,3,0,1,0,0
2177,0,40s,4,4,2,4,3,2,1,5,0,0
2178,0,50s,5,7,-1,4,4,1,1,5,1,0
2179,1,30s,5,5,0,4,4,3,1,5,0,0
2180,0,30s,4,1,4,1,1,2,1,5,0,0
2181,1,30s,4,6,5,1,4,3,1,5,0,0
2182,1,40s,4,2,-1,4,4,1,1,5,0,0
2185,1,30s,4,2,2,3,2,1,0,2,0,0
2186,1,60s,2,5,-2,4,3,2,1,4,0,0
2187,0,40s,5,12,-1,3,4,3,1,5,0,0
2188,1,30s,3,2,0,2,4,3,1,4,0,0
2189,1,50s,4,6,4,4,4,3,1,5,0,0
2190,0,20s,4,3,1,2,3,3,1,4,0,0
2191,1,50s,4,8,-1,2,3,1,1,4,0,0
2192,0,40s,3,2,-2,3,4,2,1,5,0,0
2193,0,20s,4,1,-2,3,4,2,1,1,0,0
2195,0,50s,4,9,0,4,4,3,1,4,1,0
2196,0,30s,3,2,0,1,4,2,1,4,0,0
2197,1,20s,5,9,-1,5,4,3,1,5,1,0
2198,0,30s,4,6,0,5,4,3,1,5,0,0
2203,1,60s,3,6,0,3,4,1,1,5,0,0
2204,0,50s,4,13,1,3,4,2,1,4,0,0
2207,0,40s,4,6,0,3,4,1,1,4,0,0
2208,1,20s,5,4,1,2,4,2,1,4,0,0
2210,1,40s,5,3,0,3,4,3,1,5,0,0
2211,1,40s,3,1,0,3,3,1,0,4,0,0
2212,0,20s,4,2,0,5,4,2,1,5,1,0
2213,0,50s,4,7,-3,3,4,3,1,4,1,0
2214,0,40s,4,9,0,3,4,1,1,5,0,0
2215,0,30s,5,2,0,4,4,3,1,5,0,0
2216,1,50s,4,11,0,3,3,2,1,5,0,0
2217,1,40s,3,3,0,1,3,3,1,5,0,0
2218,0,40s,3,1,-1,3,4,1,1,5,0,0
2221,0,20s,4,3,-1,3,3,2,1,5,0,0
2223,0,30s,4,2,-1,4,4,3,1,5,1,0
2224,1,40s,5,3,-1,4,4,1,1,5,1,0
2225,0,60s,4,3,1,3,4,1,1,5,0,0
2226,1,30s,3,4,0,3,4,1,1,4,1,0
2229,0,50s,5,12,1,2,4,1,1,5,0,0
2230,0,30s,4,2,-2,2,4,2,1,5,0,0
2231,0,60s,3,2,1,3,1,1,1,5,0,0
2233,1,50s,4,4,0,1,4,1,1,5,0,0
2234,1,20s,2,1,3,4,3,1,0,5,0,0
2235,0,60s,2,3,-3,4,4,1,1,5,0,0
2236,1,20s,3,1,0,1,4,2,0,5,1,0
2237,1,20s,4,7,-3,2,4,3,0,5,0,0
2240,1,20s,3,8,0,3,3,3,1,5,0,0
2242,1,60s,1,2,-2,3,4,2,1,5,1,0
2243,1,20s,4,9,-1,4,4,3,1,5,0,0
2244,1,40s,4,15,1,3,2,3,1,5,0,0
2245,0,30s,4,2,0,3,4,2,1,5,0,0
2246,1,50s,2,7,5,4,1,2,1,4,0,0
2248,0,50s,4,4,5,1,3,2,1,5,0,0
2252,0,50s,4,2,3,2,4,2,1,4,0,0
2253,0,30s,4,3,2,4,2,1,1,5,0,0
2254,0,20s,4,7,0,3,4,2,1,5,1,0
2255,0,20s,4,2,0,3,4,1,1,5,0,0
2256,1,50s,2,2,1,2,3,3,1,5,0,0
2257,0,50s,4,3,-2,2,4,1,1,4,0,0
2259,1,50s,4,4,2,3,2,1,1,5,0,0
2260,1,60s,4,5,1,2,3,2,1,4,0,0
2262,0,20s,4,1,0,2,3,1,0,5,0,0
2263,0,60s,3,1,3,2,3,2,1,4,0,0
2264,1,20s,3,4,0,3,4,2,0,5,0,0
2268,1,20s,4,2,-1,1,3,3,1,5,0,0
2269,1,50s,2,4,0,1,3,1,1,1,0,0
2271,1,60s,4,6,0,3,3,3,1,4,0,0
2272,0,60s,4,5,0,3,3,3,1,5,0,0
2273,1,50s,4,4,-1,3,4,3,1,4,0,0
2274,0,60s,5,3,3,2,2,2,1,4,0,0
2275,1,50s,4,13,4,5,4,3,1,5,0,0
2276,1,60s,3,2,-5,2,4,2,1,5,0,0
2277,0,60s,2,1,3,4,3,1,1,4,1,0
2278,1,60s,2,1,4,1,1,2,1,5,0,0
2280,1,20s,3,2,1,2,4,2,1,4,0,0
2282,1,20s,3,4,0,1,4,1,0,5,0,0
2283,0,20s,4,4,-2,4,4,3,0,5,1,0
2284,1,60s,2,4,-1,3,3,3,1,4,0,0
2286,1,20s,4,2,0,2,4,1,1,4,0,0
2287,0,50s,2,2,0,3,4,2,1,5,0,0
2288,0,20s,4,9,2,3,4,2,0,5,1,0
2289,0,20s,4,4,0,4,4,3,1,5,1,0
2290,1,60s,1,1,-2,4,4,3,0,5,1,0
2292,1,20s,4,10,-3,3,4,2,0,5,1,0
2293,0,20s,4,5,-2,3,4,1,1,5,0,0
2294,0,20s,4,11,-2,1,4,3,0,1,0,0
2295,0,50s,4,4,-2,2,4,2,1,5,0,0
2296,1,20s,4,2,-1,4,4,2,0,5,1,0
2297,1,60s,4,8,0,4,2,1,1,5,0,0
2298,1,60s,4,6,0,3,4,3,1,5,1,0
2300,1,20s,4,8,3,2,4,1,1,5,0,0
2301,0,50s,5,3,-3,1,4,2,1,5,0,0
2305,1,20s,4,2,0,4,4,1,0,5,0,0
2306,1,60s,2,3,0,3,2,3,1,5,0,0
2307,0,50s,4,4,3,4,4,1,1,5,1,0
2308,1,60s,5,5,1,2,4,2,1,4,0,0
2310,0,20s,4,5,1,4,4,2,1,5,0,0
2311,0,20s,4,12,1,2,4,2,1,4,0,0
2312,0,50s,4,6,0,4,4,1,1,5,1,0
2313,0,20s,3,3,0,3,4,2,1,5,0,0
2315,1,60s,2,3,2,4,4,1,1,5,0,0
2317,1,50s,5,6,-5,3,4,1,1,5,0,0
2318,0,20s,5,2,-2,5,4,2,1,5,1,0
2319,1,20s,4,2,-1,3,4,2,1,5,0,0
2321,1,50s,4,2,-1,4,4,3,1,5,1,0
2322,1,60s,3,3,-2,3,3,2,0,4,0,0
2324,1,50s,3,4,-2,2,4,2,1,5,0,0
2325,1,60s,2,2,0,3,4,3,1,4,0,0
2326,1,50s,4,9,0,2,4,2,1,5,1,0
2327,1,60s,2,5,-2,3,3,2,1,4,0,0
2329,0,50s,4,1,3,4,1,2,1,5,0,1
2330,0,50s,4,2,-2,3,4,1,1,5,0,0
2331,1,20s,4,3,-2,3,4,1,1,5,0,0
2332,1,60s,4,7,-1,2,4,1,1,5,1,0
2333,0,20s,1,1,-1,3,4,2,1,5,0,0
2334,1,20s,4,5,-3,1,4,1,1,5,0,0
2335,1,60s,4,4,0,2,4,2,1,1,0,0
2339,1,60s,4,6,3,1,1,1,1,5,0,0
2340,0,60s,2,1,0,2,1,1,1,4,0,1
2341,0,50s,5,13,4,3,4,3,1,5,0,0
2342,0,20s,4,4,2,4,3,2,1,5,1,0
2344,1,60s,4,1,2,3,3,1,1,4,0,0
2345,1,60s,4,3,-1,4,4,1,1,5,1,0
2347,1,60s,5,8,0,4,4,3,1,5,0,0
2348,1,50s,4,10,2,2,3,2,1,4,1,0
2350,0,20s,3,5,-1,4,4,1,0,5,1,0
2353,1,50s,4,1,-5,2,4,3,1,5,1,0
2357,0,20s,4,4,-3,3,4,2,1,5,1,0
2360,1,50s,4,5,2,4,3,2,1,4,1,0
2361,0,20s,3,3,0,3,3,2,0,4,0,0
2363,0,20s,2,5,-3,2,4,3,0,5,0,0
2364,1,20s,4,5,3,5,1,3,1,5,0,0
2365,1,20s,4,1,0,3,4,3,0,4,0,0
2368,0,20s,4,3,2,2,3,3,1,5,0,0
2369,1,60s,4,5,3,1,4,2,1,4,0,0
2371,1,60s,5,4,-4,1,4,2,1,4,0,0
2372,0,50s,4,1,0,3,4,2,1,5,0,0
2374,0,50s,5,5,0,1,4,1,1,5,0,0
2375,1,60s,4,7,0,3,4,1,1,5,0,0
2377,1,60s,5,15,0,4,4,2,1,5,0,0
2380,1,60s,2,12,3,3,4,2,1,4,0,0
2381,1,30s,4,5,-3,3,4,3,1,5,0,0
2382,0,20s,4,3,-3,3,4,2,1,5,1,0
2383,0,60s,4,5,0,1,4,1,1,5,1,0
2384,1,60s,3,5,-2,1,4,1,1,4,0,0
2385,0,50s,4,1,-1,2,4,1,1,5,0,0
2387,1,50s,3,6,0,2,2,1,1,5,0,0
2392,1,20s,4,1,0,3,4,2,0,5,0,0
2394,1,40s,3,7,4,4,2,3,1,5,0,0
2395,0,50s,2,4,0,2,4,1,1,5,0,0
2396,0,20s,4,5,2,2,3,2,0,5,0,0
2397,0,50s,4,4,-1,2,4,2,1,5,1,0
2398,0,20s,4,8,3,2,4,1,1,5,1,0
2399,0,50s,2,2,-2,1,1,2,1,5,0,0
2401,1,50s,2,6,5,4,1,1,1,5,0,0
2402,0,20s,4,2,0,2,4,2,1,5,0,0
2403,0,20s,4,3,2,2,4,1,0,5,1,0
2404,1,60s,4,3,-1,2,3,2,1,5,0,0
2407,0,20s,4,3,-2,2,4,1,1,5,0,0
2408,0,50s,4,6,1,3,3,3,1,5,1,0
2409,0,50s,5,3,-3,3,4,1,1,5,0,0
2410,0,60s,2,11,-2,2,4,2,1,5,0,0
2411,1,50s,4,5,-2,3,3,3,1,5,0,0
2412,1,20s,2,5,1,5,2,2,0,5,0,0
2413,0,60s,4,5,3,2,2,2,1,5,0,0
2415,1,20s,5,2,-2,5,4,1,1,5,1,0
2417,1,20s,4,10,0,2,4,1,1,2,0,0
2419,1,60s,5,6,3,5,4,1,0,5,0,0
2421,1,50s,2,4,2,2,4,1,1,5,0,0
2422,0,20s,3,4,1,3,3,1,0,5,1,0
2424,0,20s,4,3,0,2,4,2,1,5,0,0
2425,0,20s,4,2,-2,3,4,3,1,5,0,0
2426,1,50s,2,1,0,4,4,1,1,5,0,0
2428,1,60s,4,9,2,2,4,3,1,4,0,0
2431,1,60s,1,1,0,2,4,1,1,5,0,0
2432,0,60s,3,2,3,3,2,2,1,5,0,1
2433,0,20s,3,2,0,2,4,1,1,4,0,0
2435,1,20s,3,6,0,3,3,1,0,4,0,0
2437,1,20s,3,2,1,3,4,2,0,5,0,0
2438,0,20s,4,2,2,3,4,2,1,5,0,0
2440,0,20s,4,15,2,4,4,1,0,5,0,0
2441,1,60s,3,7,2,2,2,1,1,4,0,0
2442,0,20s,2,5,-3,4,4,1,1,5,0,0
2445,0,50s,4,5,-2,2,4,2,1,5,0,0
2446,0,20s,4,4,-3,3,4,1,0,5,1,0
2447,1,50s,2,6,3,3,4,1,1,5,0,0
2448,0,20s,4,4,0,3,4,2,1,5,0,0
2449,1,20s,4,12,-2,3,4,1,0,4,0,0
2450,1,50s,4,2,0,3,4,1,1,5,0,0
2451,1,60s,1,1,0,4,4,1,1,4,0,0
2452,1,60s,4,3,-1,2,4,2,1,5,1,0
2453,0,20s,2,1,0,1,3,1,1,1,0,0
2454,0,20s,3,15,0,3,4,1,1,5,0,0
2455,1,50s,2,4,2,4,3,3,1,5,0,0
2456,0,50s,4,3,1,4,3,2,1,4,0,0
2457,0,20s,4,1,-1,3,4,1,1,5,1,0
2459,1,50s,4,7,-2,4,4,2,1,4,0,1
2461,0,60s,3,2,2,3,2,2,1,5,0,1
2462,1,60s,2,3,1,3,2,1,0,4,0,0
2464,1,20s,4,4,-3,2,4,2,1,5,0,0
2465,0,30s,3,7,-1,1,4,2,1,5,0,0
2466,0,20s,4,5,-3,3,4,2,1,5,1,0
2467,1,30s,3,3,-3,3,4,2,1,5,0,0
2469,0,50s,3,5,2,2,2,1,1,5,0,0
2470,1,60s,4,5,0,2,4,3,1,5,0,0
2472,1,60s,2,2,0,5,4,1,1,5,0,0
2473,1,50s,2,2,-1,3,3,3,1,5,0,0
2475,1,60s,4,7,-3,3,4,3,1,5,0,0
2476,1,20s,4,4,0,2,4,2,1,5,0,0
2481,1,50s,2,1,0,3,4,1,1,4,0,1
2482,1,60s,2,7,0,4,4,1,0,1,0,0
2483,1,20s,4,5,0,2,4,2,0,5,0,0
2484,1,50s,4,5,3,1,1,1,1,5,0,1
2485,0,60s,2,4,0,1,4,1,1,5,0,0
2486,1,60s,4,5,-3,2,4,3,1,5,0,0
2488,1,50s,4,5,0,2,3,2,1,4,0,0
2489,0,50s,4,4,0,3,4,2,1,5,1,0
2494,0,20s,4,5,-4,5,4,1,1,5,1,0
2495,1,50s,4,8,-1,4,4,3,1,5,0,0
2496,1,60s,3,2,-2,3,4,1,1,5,1,0
2499,1,60s,4,5,-1,1,3,2,1,4,0,0
2501,1,60s,2,3,1,3,4,2,1,4,0,0
2502,1,20s,4,1,-2,2,4,1,1,5,0,0
2503,0,20s,4,4,0,2,3,2,1,4,0,0
2505,1,20s,4,3,-2,3,4,2,0,5,0,0
2506,1,60s,2,6,2,1,4,2,1,5,0,0
2508,1,20s,3,5,0,2,4,1,1,5,1,0
2509,0,20s,4,8,-1,4,4,3,1,5,1,0
2513,1,20s,4,1,-2,3,4,2,1,5,0,0
2514,1,60s,3,5,0,3,3,1,1,2,0,0
2515,0,20s,5,1,0,4,4,2,1,5,1,0
2518,0,60s,5,5,-1,1,4,3,1,5,1,0
2520,1,60s,4,7,1,3,4,2,1,5,0,0
2521,1,20s,4,5,0,3,3,2,1,5,0,0
2522,1,60s,1,1,0,3,4,1,1,4,0,0
2523,1,60s,2,3,1,4,1,2,1,5,0,0
2524,1,20s,4,5,-1,2,2,1,0,5,0,0
2525,0,20s,4,3,1,4,4,2,1,5,1,0
2526,0,60s,4,10,1,2,4,1,1,5,1,0
2527,0,50s,2,3,1,3,4,1,1,5,0,0
2528,0,20s,5,1,4,3,2,3,1,5,0,0
2529,1,50s,2,7,0,1,4,1,1,5,0,0
2530,0,20s,4,3,2,2,3,1,1,5,0,0
2532,0,50s,4,5,0,4,4,3,1,4,0,0
2533,0,20s,4,4,0,2,3,1,1,5,0,0
2537,0,20s,4,15,-2,2,4,3,1,5,1,0
2539,0,60s,4,2,-3,1,4,2,1,5,1,0
2540,0,20s,4,1,0,3,4,3,1,5,1,0
2541,0,50s,4,4,3,3,3,2,1,5,0,0
2544,0,20s,4,3,0,4,3,2,1,4,0,0
2547,0,50s,4,5,2,3,4,3,1,4,0,0
2548,0,50s,4,5,0,2,2,1,1,5,0,0
2549,0,20s,4,15,2,3,4,3,1,5,0,0
2550,0,60s,2,2,0,2,4,1,1,5,0,0
2551,1,20s,3,5,0,1,4,1,0,5,0,0
2555,1,20s,2,1,0,3,4,1,1,2,1,0
2557,1,60s,2,15,0,3,4,2,1,5,0,0
2558,0,50s,4,12,-5,2,4,2,1,5,0,0
2562,0,20s,4,2,-2,3,4,2,1,5,0,0
2563,1,50s,5,10,3,2,3,3,1,5,0,0
2565,1,20s,3,6,0,2,4,2,0,5,1,0
2570,0,50s,4,5,0,2,1,2,1,4,0,0
2571,0,20s,5,4,1,2,4,1,1,5,0,0
2574,1,60s,2,3,4,3,2,2,1,5,0,0
2576,1,50s,4,2,0,5,4,2,0,5,0,0
2578,1,20s,3,3,0,1,3,2,1,4,0,0
2579,0,50s,4,3,0,3,4,2,1,5,0,0
2580,1,20s,4,3,-1,3,4,3,0,5,0,0
2581,1,20s,4,4,-5,2,4,1,1,5,1,0
2582,0,30s,4,7,-3,2,4,2,1,5,0,0
2583,1,60s,2,6,3,1,2,2,1,4,0,0
2586,1,50s,5,3,-1,4,3,1,1,5,0,0
2587,1,60s,4,4,-4,5,4,1,1,5,0,0
2589,1,20s,4,6,2,3,4,3,1,5,0,0
2590,0,20s,2,15,0,1,4,1,1,5,0,0
2592,0,20s,3,5,0,3,4,1,1,5,1,0
2595,1,60s,2,7,1,3,4,1,1,5,0,0
2598,1,60s,5,6,-2,1,4,2,1,5,1,0
2599,0,30s,1,4,-3,3,4,1,1,4,1,0
2600,0,20s,4,2,-1,3,4,3,1,5,0,0
2602,0,20s,4,1,0,3,4,1,1,5,0,0
2604,1,20s,4,6,-1,3,4,2,1,5,0,0
2606,0,60s,2,3,2,2,2,2,1,4,0,0
2607,0,60s,2,3,0,4,4,3,1,5,0,0
2608,1,60s,4,9,-3,2,4,3,1,5,1,0
2609,0,60s,5,3,1,3,2,1,1,4,0,0
2610,0,60s,5,4,-2,2,4,1,1,5,1,0
2612,0,60s,5,8,1,3,2,1,1,4,0,0
2615,1,60s,2,1,2,1,4,2,1,4,0,0
2617,1,60s,2,9,3,2,1,1,1,4,0,0
2619,0,60s,4,1,2,2,1,2,1,5,0,0
2621,1,60s,4,3,-2,2,4,3,1,5,0,0
2623,1,60s,4,5,-4,2,4,3,1,5,0,0
2624,1,50s,4,5,0,3,4,2,1,4,0,0
2625,1,60s,2,4,-2,3,3,1,0,5,0,0
2626,0,60s,4,5,2,2,1,1,1,5,0,0
2627,0,60s,1,4,2,3,1,2,1,5,0,0
2628,0,60s,4,4,-2,3,4,3,1,5,0,0
2629,1,50s,2,2,0,2,4,2,1,5,1,0
2630,1,60s,4,6,-3,4,3,1,1,4,0,0
2631,1,60s,4,5,0,2,2,2,1,4,0,0
2632,0,60s,2,4,3,2,1,2,1,5,0,0
2633,1,50s,4,4,-3,3,4,1,1,5,1,0
2634,1,60s,4,2,0,4,3,1,1,4,0,0
2635,0,60s,4,7,0,4,4,1,1,5,1,0
2636,1,60s,2,7,-4,2,4,2,1,5,0,0
2637,0,60s,5,4,0,3,3,1,1,5,0,0
2638,0,60s,2,3,4,4,1,2,1,5,0,0
2639,1,60s,2,8,0,3,4,1,1,5,0,0
2641,0,60s,3,5,-3,1,4,1,1,5,0,0
2642,1,50s,3,5,0,3,3,1,1,4,0,0
2643,1,60s,4,4,-2,3,4,3,1,4,1,0
2644,1,50s,2,3,-3,3,4,1,1,5,0,0
2645,0,60s,2,2,-2,2,4,2,1,5,0,0
2646,1,60s,2,4,-2,3,4,1,1,5,0,0
2647,0,60s,4,1,-1,3,4,1,1,5,0,0
2649,0,60s,2,2,4,3,2,2,1,5,0,0
2650,1,60s,1,5,1,2,4,1,1,5,0,0
2652,1,60s,5,7,0,3,4,3,1,5,0,0
2653,1,50s,3,8,0,3,4,2,1,4,0,0
2655,1,60s,3,5,-3,2,4,1,1,5,0,0
2656,1,60s,2,12,-3,3,4,2,1,5,1,0
2657,1,60s,4,6,-1,4,3,1,1,5,0,0
2659,1,60s,2,4,0,1,3,1,1,1,0,0
2660,1,60s,5,3,-1,3,4,1,1,5,0,0
2662,0,60s,5,3,2,2,3,2,1,5,0,0
2663,1,60s,2,1,3,3,1,1,1,5,0,0
2664,1,60s,4,4,1,3,1,1,1,4,0,0
2665,0,60s,5,9,5,3,1,3,1,2,0,0
2666,1,60s,3,1,5,3,1,1,1,5,0,0
2670,1,60s,4,6,4,3,4,2,1,5,0,0
2671,0,60s,4,1,2,2,1,2,1,4,0,0
2672,0,60s,4,1,1,5,4,1,1,5,0,0
2674,1,60s,4,3,0,4,4,3,1,5,1,0
2675,1,60s,4,7,-2,2,4,2,1,5,0,0
2676,1,50s,2,2,-1,1,4,1,1,4,0,0
2678,1,50s,4,7,3,2,2,3,1,5,0,0
2680,0,60s,4,2,0,3,4,1,1,5,0,0
2681,0,60s,4,7,3,2,3,2,1,4,0,0
2682,1,60s,4,7,1,3,3,2,1,4,0,0
2683,0,60s,4,4,2,3,3,1,1,5,0,0
2685,1,60s,4,5,1,3,3,1,1,5,1,0
2687,0,60s,5,5,1,4,1,1,1,5,0,0
2688,0,60s,4,3,0,2,4,1,1,2,0,0
2690,0,60s,4,1,0,1,4,1,1,4,0,0
2691,0,60s,4,3,0,3,3,2,1,4,0,0
2692,1,50s,4,1,0,2,4,3,1,5,0,0
2693,1,60s,3,4,4,3,3,2,1,5,0,0
2697,0,60s,4,9,2,2,3,2,1,5,0,0
2702,1,50s,4,7,1,4,3,2,1,4,0,0
2703,0,60s,4,1,3,4,2,1,1,5,0,1
2704,1,50s,5,4,0,2,4,2,1,5,0,0
2705,0,60s,4,5,1,2,4,1,1,4,0,0
2706,0,60s,5,7,-2,3,4,2,1,5,0,0
2708,1,60s,3,3,3,3,2,1,1,5,0,0
2709,0,60s,4,6,2,3,1,2,1,2,0,0
2710,0,60s,4,5,0,4,4,2,1,5,1,0
2711,1,60s,4,3,1,2,4,2,1,4,0,0
2712,0,60s,4,1,3,1,2,2,1,5,0,0
2713,1,60s,4,3,-1,2,4,1,1,4,0,0
2715,0,60s,2,5,2,4,4,1,1,4,0,0
2717,0,60s,4,7,1,4,4,2,1,5,0,0
2718,0,60s,2,6,0,2,4,2,1,5,0,0
2719,1,60s,2,3,0,3,4,1,1,4,0,0
2720,1,60s,4,6,0,4,4,1,1,5,0,0
2721,1,60s,4,3,1,4,3,2,1,5,0,0
2722,1,60s,4,1,0,1,4,1,1,5,0,0
2723,0,60s,2,3,2,2,1,3,1,5,0,0
2724,1,60s,4,6,-1,3,3,1,1,5,0,0
2725,1,60s,2,3,0,3,4,2,1,5,0,0
2726,0,60s,4,2,5,4,1,2,1,4,0,1
2728,0,60s,4,4,-1,2,4,2,1,5,0,0
2729,0,60s,3,6,3,4,3,2,1,4,0,0
2730,0,60s,4,4,0,4,3,3,1,5,0,0
2732,1,60s,4,6,2,4,1,1,1,4,0,1
2733,0,60s,2,5,2,3,4,1,1,5,0,0
2734,0,60s,4,2,0,2,4,1,1,4,0,0
2736,0,60s,2,3,2,2,4,2,1,5,1,0
2737,1,50s,4,5,0,2,3,2,1,4,0,0
2741,1,50s,3,7,0,2,2,2,0,4,0,0
2742,1,60s,2,5,-1,4,4,1,1,5,1,0
2744,1,60s,4,4,-3,3,4,2,1,5,0,0
2745,1,50s,4,3,0,4,3,1,1,5,0,0
2746,1,60s,2,5,0,5,4,3,1,1,0,0
2747,1,60s,5,4,0,4,4,1,1,5,0,0
2748,1,60s,3,6,1,2,3,1,1,5,0,0
2749,0,60s,5,4,1,1,4,1,1,4,0,0
2750,1,60s,4,3,4,1,4,1,1,4,0,0
2751,1,50s,4,5,1,3,3,3,0,4,0,0
2752,0,60s,5,3,3,1,1,2,1,5,0,0
2753,1,60s,4,5,2,4,4,1,1,5,0,0
2754,1,60s,4,4,2,2,3,2,0,4,0,0
2755,1,50s,3,4,0,1,4,1,1,4,0,0
2757,1,60s,4,5,-5,5,4,3,1,5,0,0
2758,0,60s,4,5,2,4,2,2,1,5,0,0
2759,0,60s,5,4,-3,2,4,1,1,5,0,0
2761,1,60s,2,4,-5,4,4,1,1,5,1,0
2762,1,60s,4,9,4,5,1,2,1,5,0,0
2763,0,60s,4,7,3,4,3,1,1,5,0,0
2766,0,60s,4,7,5,5,1,3,1,5,0,0
2768,0,60s,4,3,0,4,4,2,1,5,0,0
2770,1,60s,2,3,0,2,4,1,1,5,0,0
2771,1,50s,2,5,0,2,4,1,1,4,0,0
2772,0,60s,4,2,0,3,4,2,1,5,0,0
2775,1,60s,4,7,1,4,3,2,1,5,0,0
2776,0,60s,4,2,0,3,4,2,1,5,0,0
2777,1,50s,3,5,0,4,2,2,1,4,1,0
2778,0,60s,4,1,0,4,2,3,1,4,0,0
2779,1,60s,4,3,1,3,4,1,1,5,0,0
2780,0,60s,4,3,-2,4,4,3,1,5,1,0
2781,0,60s,4,9,0,4,2,2,1,2,0,0
2782,1,60s,4,6,0,3,4,2,1,4,0,0
2784,0,60s,3,4,3,2,2,1,1,4,0,0
2785,0,60s,4,3,4,4,1,3,1,5,0,1
2786,1,60s,5,8,1,2,2,2,1,5,0,0
2787,0,60s,3,1,4,3,2,2,1,5,0,0
2789,0,60s,5,6,3,4,1,1,1,5,0,1
2790,1,60s,4,3,5,3,1,1,1,5,0,0
2792,1,50s,4,6,0,3,2,2,1,5,0,0
2793,1,60s,3,6,2,1,3,3,1,5,0,0
2794,0,60s,2,2,-1,4,4,2,1,5,0,0
2795,1,60s,4,4,-3,4,4,1,1,4,0,0
2796,1,60s,4,6,0,4,4,1,1,5,1,0
2797,1,60s,5,2,0,2,4,1,1,5,0,0
2798,0,60s,5,3,3,2,4,2,1,4,0,0
2799,0,60s,3,4,1,1,1,2,1,4,0,0
2800,0,60s,4,2,5,3,1,2,1,5,0,0
2801,0,60s,1,2,1,3,3,2,1,4,0,0
2802,1,60s,5,6,0,3,4,1,1,4,0,0
2803,1,60s,2,3,-1,4,4,2,1,5,0,1
2804,1,50s,2,4,0,3,4,2,1,4,0,0
2805,0,60s,4,3,4,2,4,1,1,5,0,0
2806,0,60s,4,4,1,4,1,1,1,4,0,1
2807,1,60s,3,9,-1,4,4,1,1,5,0,0
2809,0,60s,4,5,-2,3,4,2,1,4,0,0
2810,1,50s,4,4,4,3,4,1,1,5,0,0
2811,0,60s,4,5,3,3,2,2,1,4,0,0
2812,0,60s,4,5,0,3,4,1,1,5,1,0
2815,0,60s,4,4,3,3,1,1,1,4,0,1
2816,0,60s,2,4,3,3,1,2,1,4,0,0
2817,0,60s,4,6,-1,4,4,2,1,5,0,0
2818,1,50s,3,3,2,2,4,1,1,4,0,0
2819,0,60s,2,2,0,3,1,2,1,5,0,0
2821,0,60s,3,3,-3,4,4,2,1,5,0,0
2822,1,60s,4,8,2,2,2,1,1,5,0,0
2823,0,60s,3,6,2,2,3,1,1,4,0,0
2824,0,60s,2,6,-2,3,2,1,1,5,0,1
2825,1,50s,2,3,2,2,3,1,1,4,0,0
2829,1,60s,2,7,1,4,2,1,1,4,0,0
2830,1,60s,2,1,-1,2,4,2,0,4,0,0
2831,1,50s,4,7,1,4,4,1,1,4,0,0
2832,1,60s,4,6,-1,4,3,1,1,5,0,0
2833,1,60s,4,1,-1,2,4,2,1,4,0,0
2835,0,60s,2,2,-3,4,4,2,0,4,0,0
2836,1,60s,4,8,-1,5,4,1,1,5,0,0
2838,1,60s,3,6,-2,2,4,1,1,5,1,0
2839,1,60s,2,3,3,3,2,1,1,4,0,0
2840,1,60s,3,7,1,3,2,1,1,5,0,0
2841,1,50s,2,1,-1,4,4,1,1,5,0,0
2844,1,60s,2,5,4,2,1,1,1,5,0,0
2845,1,60s,4,3,5,2,1,1,1,5,0,0
2846,1,60s,4,3,-1,4,4,3,1,5,1,0
2847,0,60s,5,10,3,2,2,1,1,5,0,0
2848,0,60s,2,2,-3,4,4,1,1,5,1,0
2849,0,60s,4,6,1,3,4,1,1,5,0,0
2851,1,60s,2,8,0,3,4,3,1,5,1,0
2853,0,60s,3,2,-2,3,4,1,1,5,1,0
2855,0,60s,5,2,3,3,2,2,1,4,0,0
2857,0,60s,4,4,2,3,4,2,1,5,1,0
2858,0,60s,5,7,4,4,1,2,1,5,0,0
2860,1,60s,2,5,-4,1,4,1,1,5,0,0
2861,0,60s,2,4,2,3,1,1,1,4,0,0
2862,0,60s,4,5,0,3,3,2,1,5,1,0
2864,1,50s,4,4,0,2,3,2,1,2,0,0
2865,1,60s,2,3,1,2,4,2,1,5,1,0
2866,0,60s,4,1,4,4,2,2,1,5,0,0
2867,1,50s,4,7,1,2,1,1,1,5,0,0
2868,0,60s,4,1,-3,3,4,3,1,5,0,0
2871,0,60s,3,1,0,5,4,1,1,5,0,0
2873,0,60s,4,3,-3,2,4,1,1,5,1,0
2874,1,50s,4,5,0,3,4,2,1,4,0,0
2875,1,60s,5,8,3,5,1,1,1,5,0,0
2876,1,60s,2,1,3,3,3,1,1,4,0,0
2877,1,50s,4,15,-1,3,4,2,1,5,1,0
2880,0,60s,4,5,0,2,4,3,1,5,0,0
2882,1,50s,4,10,0,4,4,1,1,5,1,0
2883,1,50s,3,7,5,2,4,1,1,4,0,0
2885,0,60s,4,2,1,2,2,1,1,4,0,0
2886,0,60s,4,1,-3,3,4,1,0,4,1,0
2887,0,60s,4,2,0,2,1,2,1,5,0,0
2888,0,60s,4,12,3,4,1,3,1,5,0,0
2889,1,60s,4,5,0,2,3,1,1,4,0,0
2890,1,60s,4,2,0,3,3,1,1,5,0,0
2891,1,60s,4,6,3,4,3,2,1,4,0,0
2893,1,60s,4,4,0,4,3,2,1,4,0,0
2894,0,60s,4,1,4,3,2,1,1,5,0,0
2895,0,60s,4,4,-1,3,4,2,1,5,1,0
2897,0,60s,4,4,-3,4,4,3,1,5,1,0
2900,0,60s,3,1,0,2,4,1,1,4,0,0
2901,0,60s,5,1,4,1,1,1,1,5,0,1
2902,1,60s,4,5,2,3,4,2,1,5,1,0
2903,1,60s,4,1,1,2,1,2,1,5,0,0
2904,1,50s,4,5,0,3,3,2,1,4,0,0
2906,1,60s,3,4,0,1,4,2,1,4,0,0
2908,0,60s,5,2,3,3,1,1,1,4,0,0
2909,1,60s,1,4,0,3,4,1,1,5,0,0
2911,1,60s,4,3,1,2,3,3,1,4,0,0
2912,1,60s,4,4,2,4,4,2,1,4,0,0
2913,1,60s,1,2,-3,4,4,1,1,5,0,0
2914,1,60s,5,13,1,4,3,3,0,4,0,0
2915,1,50s,3,4,2,4,3,1,1,4,0,0
2916,1,60s,4,10,3,3,1,2,1,5,0,0
2917,1,60s,4,2,-3,2,4,2,1,5,0,0
2918,1,60s,2,1,3,3,1,3,1,5,0,0
2919,0,60s,2,9,-2,2,4,3,1,5,1,0
2922,1,60s,3,5,0,3,4,2,1,4,0,0
2923,0,60s,4,8,-1,2,4,1,1,4,0,0
2924,1,60s,2,3,2,3,4,3,1,4,0,0
2925,1,50s,2,2,0,1,3,2,1,4,0,0
2926,0,60s,2,1,3,4,1,3,1,4,0,0
2927,1,50s,4,2,0,2,4,1,1,4,0,0
2928,1,50s,2,3,-1,1,2,1,1,5,0,0
2929,0,60s,5,6,2,4,3,3,1,5,0,0
2930,1,50s,4,3,0,2,2,1,1,4,0,0
2933,1,50s,4,4,1,3,1,1,0,4,0,0
2935,1,50s,4,1,2,2,3,2,1,4,0,0
2936,0,60s,2,2,1,3,2,2,1,5,0,0
2937,1,50s,2,2,2,4,1,3,1,4,0,0
2938,1,60s,4,5,1,4,4,3,1,5,0,0
2941,0,60s,5,9,0,2,4,1,1,5,1,0
2942,0,60s,5,7,-2,4,4,2,1,5,0,0
2943,0,60s,4,2,0,3,4,2,1,5,0,0
2944,0,60s,3,1,-1,1,4,2,1,5,0,0
2946,1,60s,2,5,0,3,4,2,1,4,0,0
2948,0,60s,4,4,-2,2,2,1,1,5,1,0
2950,1,60s,4,4,0,2,4,1,0,5,0,0
2951,1,60s,2,2,4,4,3,2,1,5,0,0
2952,0,60s,4,6,-1,2,4,1,1,5,0,0
2955,1,60s,2,5,0,4,4,2,1,5,0,0
2956,0,60s,3,4,5,4,2,1,1,5,0,0
2957,0,60s,2,2,0,4,4,1,1,5,1,0
2958,0,60s,2,5,3,3,1,3,0,4,0,0
2959,1,50s,4,7,-2,4,4,1,1,5,1,0
2960,1,60s,2,4,1,4,4,2,1,5,0,0
2961,0,60s,4,3,1,2,1,1,1,4,0,1
2962,1,50s,4,10,-1,3,4,2,1,5,0,0
2963,1,60s,2,5,0,4,4,2,1,4,0,0
2964,0,60s,2,3,3,3,3,2,0,4,0,0
2965,0,60s,4,5,0,2,3,2,1,5,0,0
2966,0,60s,4,4,2,3,4,2,1,4,0,0
2967,1,60s,2,1,2,3,4,1,1,5,0,0
2968,1,60s,5,15,0,5,4,2,1,5,0,0
2969,1,60s,2,3,1,2,4,1,1,5,0,0
2970,0,60s,4,5,1,2,1,1,1,5,0,0
2971,1,60s,2,2,-1,3,3,2,1,4,0,0
2972,1,60s,3,2,2,4,4,3,1,5,0,0
2974,1,60s,4,2,2,3,3,1,1,5,0,0
2975,0,60s,5,3,2,2,2,1,1,5,0,0
2976,0,60s,2,1,5,4,3,1,1,5,0,0
2977,1,60s,2,2,0,4,4,2,1,5,0,0
2978,0,60s,4,3,-2,4,4,1,1,5,1,0
2980,0,60s,4,4,3,2,2,1,1,4,0,0
2981,1,50s,2,3,3,3,3,2,1,4,0,0
2982,1,60s,2,3,0,4,2,2,1,5,0,0
2984,1,60s,4,4,1,4,4,2,1,5,0,0
2985,1,60s,5,6,4,3,1,1,1,5,0,0
2987,1,60s,2,15,0,3,4,2,1,5,1,0
2988,0,60s,4,5,3,3,2,2,1,5,0,0
2989,0,60s,5,5,1,4,3,2,1,4,0,0
2990,1,50s,4,3,-2,2,4,3,1,5,1,0
2991,1,60s,5,8,1,3,4,1,1,5,0,0
2992,1,60s,5,6,3,4,1,3,1,5,0,0
2993,1,50s,2,4,1,4,2,2,1,5,0,0
2995,0,60s,4,4,2,3,3,1,1,4,0,0
2996,1,60s,4,7,-1,2,4,1,1,5,0,0
2997,1,60s,5,3,1,2,3,1,0,4,0,0
2999,0,60s,3,9,-3,4,4,1,1,5,0,0
3000,1,50s,4,4,-2,4,4,1,1,4,0,0
