"V1","V2","V3","treat","Rtreat","y"
-2.10566143217583,1.67863588237003,-1.18083144481417,1,0,-2.56984895964614
0.247865152739392,0.278791719692847,1.35736851103366,1,0,5.50009080843541
2.12601155773752,-0.0670692028049843,-0.825350369199572,1,0,3.15025441814588
-0.414932843435891,1.23503291300339,1.03580014833028,1,0,3.56623263150217
-0.280364501536056,0.292483545806581,-0.645396487400325,0,1,-1.49198852258129
0.403349497857772,0.68785854297777,-0.65940842466805,0,1,-1.95111007187617
-0.150710375663767,1.55771014637017,0.524272005011486,0,1,2.80051859989017
-0.959961006374567,0.780851457863871,1.02312223214014,0,1,1.34733838414022
-1.38520319408749,1.33196029799563,1.02755463677232,0,1,1.21776726699486
0.44876251795987,0.577797814049251,-1.44131130130221,0,1,-0.293861180167848
0.180386565833199,-0.287612097563085,-0.500638403077801,0,1,-0.211377846552365
0.818839663308522,-0.366969351692346,1.07488201834907,0,1,0.8901656131865
-0.46977653113884,-0.308993324598024,-0.372297789722686,0,1,-2.48383152975041
-0.0722398037999284,0.275882618798564,-0.779572397104838,1,0,-0.0964853337184576
1.30220850659544,0.713335840223834,-2.36845278836415,0,1,-0.850861859246073
-0.296730451146368,0.657672741071684,-0.752694745507501,0,1,0.0673668783755869
1.99757665772948,-2.40042382809211,0.220080009708835,1,0,1.31993699492036
-0.302196125882194,-0.512475036855128,-0.249395879590566,0,1,-2.24219966125212
0.599086676596654,0.651702399179604,-0.716702005239241,1,0,0.509186894193093
-0.145909820596174,0.383857496528887,-0.340668844494365,0,1,1.16796849955205
-0.171160708855454,-1.54979124274527,-1.32007869049991,0,1,-4.2366113129356
0.355798008573695,1.06672313253164,-0.295557035927334,0,1,-0.028475010440252
-0.537829966789118,1.20385198991709,-1.16462055425008,0,1,-0.496931246854432
-0.248219391050657,0.0654335143149704,1.83824118155019,0,1,0.29035284413392
-1.15630207450251,0.860849186267919,-0.0682967776748738,1,0,0.644653694526842
-0.16907991855684,-0.379600116537872,-0.533396227745871,0,1,-1.83784711576155
1.32476214726645,1.78611182222031,-0.603253588216153,0,1,3.83602359206413
-0.0622076495825918,-0.763195682835722,1.5988879719777,1,0,0.990609083036985
0.0951549499812863,-0.484536483470888,-2.15881951623488,0,1,-1.82073452341349
0.84669681785938,0.946147959128569,-1.01096573504088,1,0,2.15930404936992
0.861271216424515,1.02058256957874,-0.356931180381481,0,1,3.61657384648745
-0.218151131748824,1.29752175850812,-1.77565455236296,0,1,-1.1396360085656
0.377784879741299,1.34873678613091,-1.05795857857755,0,1,-0.378300622623139
-2.63845466333098,1.41773558241706,-0.695187029921784,0,1,-2.49285342651785
-0.97549983975629,0.793598833316535,-1.17852406064185,0,1,-1.31050580177777
0.132796910154219,-0.0593633990726028,-0.991272054728557,0,1,-1.13842661458409
-0.260810209984286,1.00591624636271,0.776059935216478,0,1,0.852267245803705
0.449120473585106,-1.46951334668733,0.793968684756504,0,1,-0.324443928698297
0.286927711851645,0.811797783849837,-1.64144807625085,0,1,-0.386875699056696
0.746059257622865,1.61194209829087,-0.144793729359155,1,0,2.96528096274808
-0.783835741566393,0.0117770718354605,0.0382480620889544,0,1,-2.3161086856663
-2.14430467162748,0.813492203977498,0.865174372981325,0,1,-2.12983714772325
-1.36104638297142,1.33011588076284,1.07881802861525,0,1,1.86436982263373
-1.14514101304707,1.10793909914896,0.130581044182257,0,1,-0.175170054385503
-1.34512795412227,0.326056229337117,-1.40312014247979,0,1,-2.63551327888694
0.817944613825311,0.145258630165935,-1.8843647105158,0,1,0.540011145390359
0.776045556699703,0.958393541635866,-0.37178208321301,0,1,0.244987009960625
-0.774165390498281,1.61545486696264,-1.15710230281769,0,1,1.83489551472449
-1.29700914187601,-0.161027412404164,-0.553221218089941,0,1,-2.26482941752226
-0.617991483269682,1.00355832258373,-0.554685587853336,0,1,-1.63015559150295
-0.37760012824075,1.13546433233814,-0.312236827924336,0,1,-0.456007185115995
-1.94140617293429,-0.296392349869571,0.913575836231379,0,1,-1.61472558961459
0.143240329624116,-0.324775591171773,0.762597268085814,0,1,1.13110942230191
1.13423512140625,-1.42046565766303,0.741229713982711,1,0,1.67925835139145
-0.355160142171858,0.36043895303518,-1.04457143861989,0,1,-1.92731368176634
0.107067076100322,-2.18306702093943,0.293407331432838,0,1,-2.86865764824121
0.347742777798709,1.38183070170122,-0.946882694360216,0,1,1.46152083002324
-0.665387064052112,-0.493614670901881,1.48237690939346,0,1,0.199755448156647
1.53754954983916,-2.31087974541897,1.15692413643254,0,1,0.672211747367671
0.0829235701449362,-0.332731403204343,-0.742941882124878,0,1,-1.16092284262327
-0.194525488114093,-0.0141895044819085,-1.57481744302107,0,1,-3.26307384827526
-1.3383880051929,-0.659701105148713,0.114444297952002,0,1,-0.886111416169988
1.98335693833342,-1.5520322547256,0.0420392792899917,1,0,2.06011217670306
-0.53448756507793,0.664358004064469,-1.29627320035116,0,1,0.364488121818741
0.752894387088231,-0.899280485250933,1.27734646343359,0,1,2.86498529852176
0.946444568587829,-1.00376751919197,0.813940422887141,1,0,2.65792423610496
0.395126036875914,0.174403605457336,0.797193957559336,0,1,1.12359828258469
1.42891598914086,0.419135610370933,-0.617376289908806,1,0,0.931388578475493
-0.100005343781734,0.175240429913896,-0.782883306986809,0,1,-0.723231528987784
0.898065588723683,0.0215994228476741,-1.7662385950187,0,1,-0.998043055081483
0.913809153132522,-0.690925975731659,-0.380743669798126,0,1,1.28895235329958
0.409849943028651,-1.57756004418577,2.25353901284764,0,1,0.471461474179108
-0.381459106090516,0.0245301665753877,0.00743010781166435,0,1,0.755604657186238
-0.343513374026223,1.75795089208773,-0.244380111186245,0,1,0.450775120066548
0.990353964118899,1.35548542500628,-0.477973492231465,0,1,1.46904563770219
0.746544590428281,-0.0416959670420301,-0.112361425928675,0,1,0.875426542979808
0.78609504162496,0.44361550691333,-0.803543599114978,0,1,1.22602979728555
0.203592734307123,0.54412679435243,0.284489276396888,1,0,2.90452133116015
0.0194845733204667,0.967950285234539,1.21089841386537,0,1,3.27243818877382
-0.778363053276624,1.43089935975493,-0.347567476330198,0,1,1.91281650584046
0.210571097941733,-0.0615752277896827,-0.756745859912431,0,1,-0.851165217460945
-0.283944683220738,-1.08743944179744,0.59708962480556,0,1,-1.94305410640974
-0.5169941467062,-1.27389341580435,0.101452187246432,0,1,-1.76937823681046
-0.401293847954626,-0.510635012875477,0.925748230375647,0,1,1.03612776426553
-0.660387953038873,-0.548577350314343,-1.36226895224848,0,1,-3.16494888552363
0.672312932395807,-0.0198373682454384,-1.16981830747195,0,1,-0.468173249391098
-0.480938210704348,1.15619520378382,-0.643555183987607,0,1,0.622361292618059
0.416456821874499,0.825748027032157,0.890962222646499,0,1,1.8505831089926
-1.95775953413556,-1.18937209554319,0.470431031902423,0,1,-3.3524911345244
0.417679285214701,-2.12901997574407,0.350655541161238,0,1,-1.57227503799392
-0.0546698899815024,-1.16640620325688,0.634925015221691,1,0,0.671403045410291
-0.579670614740884,0.00479343548406924,-0.724919648979614,0,1,-2.80863643574734
-1.88796183815427,-0.718785581327152,1.47600276618295,0,1,-2.04738582401012
-1.93010923697646,0.710896147790078,0.121072903508861,0,1,-1.85367268470932
0.293575149731337,-1.18472224881592,-0.0472581776030073,0,1,-2.35213658290061
0.21626389273022,-1.31846002230959,0.0409414727891839,0,1,-1.76764814240207
1.33155807421354,-1.66686197685318,1.35504784934745,0,1,3.65965287510959
0.214898132687844,-0.270791132542681,0.402714902628748,0,1,-0.901634497946467
0.163961195352928,0.381118522667684,-0.728508837643166,0,1,-1.6598745900538
0.271989267635412,0.283387584166199,0.401364600618693,0,1,-0.177883537497457
-0.473997460857375,-0.419629710274965,-1.5754659780887,0,1,-2.96392414226383
0.91434965148682,1.27453648445807,-0.810776217583287,0,1,-0.0237996860065106
-0.59956524536634,-0.200461976361474,0.656838149668445,0,1,0.699078391679085
-0.688923175249688,1.1472938797374,0.311705307875977,0,1,0.599643637833952
0.500794814202126,-0.196544446132896,-0.379317490113689,0,1,-1.60660673863568
-0.883046440481118,-0.377882624046346,1.10734670450558,0,1,-0.861212896243202
0.142442603535472,0.0648414087767157,-0.158563839952262,0,1,-0.204017966920623
1.21771219370298,1.41635551720131,0.778230879628804,1,0,7.91601949459987
1.30533243601376,1.58374508879318,-0.190508607375576,0,1,3.73857669015452
-0.795567105563617,0.72758354002873,-0.864273934207064,0,1,-1.13592603294616
0.851749539282112,-0.42210497589096,0.662857750774021,1,0,1.58418194791757
-0.0761657413863365,-0.0585703495755986,0.0293058904309852,1,0,1.22564259587136
-0.213708486551614,-1.07677330834716,0.49925074197351,0,1,-1.33105577214478
-1.28273644689437,1.21805939056707,0.0964269226388008,1,0,-0.0449204088162036
0.0798175573750134,0.135351482511065,0.595643427618235,0,1,1.94739779341889
-0.361953927644042,-0.514151290213312,1.20145883964504,0,1,-0.709190104674668
-1.42065504470089,-0.607976881696504,0.233499570935785,0,1,-0.624565923022748
1.66053748436778,-0.484486689730266,-2.91033849871019,0,1,-1.88956575559775
-0.796336845973922,-0.0678138458343939,-1.38618233337821,0,1,-1.30128504615801
0.0598354433605983,-2.4802383869339,0.997562227519627,0,1,-0.692215130862542
1.82352831617515,-0.0622810820834675,0.103898086454702,0,1,1.66452996802491
2.33295394025183,-0.93890460760526,0.889608076708087,1,0,7.56871592093366
-0.198234034443246,-0.096241712903508,0.229867045895375,0,1,0.509814224862011
0.0917491061480385,0.644446499570296,-0.61160332591579,0,1,-0.540333220640341
1.12196089894008,1.95809557207713,-1.60984644927969,0,1,1.25771733500094
-0.33011672599056,1.39266852156041,1.06812548557189,0,1,1.94078845297346
0.335845051146945,-0.717205632898388,-0.970174447424986,0,1,-0.0193523813200909
-0.382679044143085,-1.59350210304832,0.241451294733167,0,1,-0.439774373000205
-0.290502899737082,-0.332442882865905,0.357579527441758,0,1,1.26353226770513
-1.85013871358265,1.02317624469455,0.487044711817352,0,1,1.59148933989115
0.225861301282235,-0.561356979251745,0.549698311016792,0,1,0.530010382616798
-1.18255891737452,1.7176801200812,-0.188447160976281,0,1,0.43330359763908
-0.591870608871186,0.905905096172786,1.1774798030942,0,1,2.54174795838865
0.232901538727725,0.366912492966783,-0.407564333004844,0,1,0.831467875845309
0.691100147989044,2.18558728110067,-1.93491907201132,0,1,1.60478520936014
0.284465471555105,-0.917626147161366,0.530661347671154,1,0,0.654140930269929
-1.60876556330683,0.302683054752308,0.437428082161234,0,1,0.442073946120177
1.04180432339283,0.405964689938709,-1.15557450760046,0,1,0.888969372720673
-0.61719472813035,-1.86087143934678,0.991601494532387,0,1,-0.433161389235189
-0.223027938861775,-1.25533360843498,-0.303877400772183,0,1,-1.8970912752474
-0.57020584604057,-0.395392381678074,-0.421082859227878,0,1,-1.3887477686088
1.03319377196748,0.0910831859714316,0.506313837384363,0,1,0.727210598902596
-0.0705259116797106,0.264342135893671,1.55774629047856,1,0,5.36464161319893
-0.309557401177527,-1.53736480359464,1.9510076008776,0,1,-1.16414540941089
-1.15396005154191,-0.297637456171347,1.29841056135186,0,1,-1.50680484302784
0.779648044278848,-0.745118757434925,-0.714711514009815,0,1,0.591242673056637
0.0965069079766273,0.279525996484228,1.29113455095624,1,0,1.62158228570455
0.20308854230514,0.451418664697701,-0.391812951291653,0,1,0.867134324000292
0.699607599369419,-0.242024900832111,-0.829636199868707,0,1,-1.57215082317072
1.10820825868355,-0.829455288961091,1.76208785051063,1,0,6.14006777984039
-0.493876467682949,0.727010046412448,-0.545224760576689,0,1,-0.0105288686627646
-1.23432136313206,-0.864765509543151,-0.00303596888475322,0,1,-2.02431077594292
-0.187721281399124,-0.618018207096518,2.64198544419531,1,0,5.23480098546992
-1.40502206523955,-0.306033002524131,0.19966655478457,0,1,-1.26483961459005
-0.355238534414365,0.535354278049474,-1.46838238301613,0,1,-1.82276863513559
-0.921745913985174,0.37561578648372,-0.729669962722846,0,1,-2.44585863439668
-1.81573167882725,-0.199552785680606,0.37082366900859,1,0,-2.1500638175989
-1.36007948280612,0.781865376173181,0.446020812292763,0,1,-0.64026986800601
1.04558564424573,0.139362636537889,-1.42892036603347,0,1,0.372897157544083
-0.605014852941537,0.787503166492805,0.859849236621354,0,1,-0.0618837427250238
-0.00734275456576508,-0.044114194624498,-0.54347570989389,0,1,-2.21660419951502
0.247919002037812,-0.890964922904561,-0.717966981080233,0,1,-0.911977424847336
1.11479090233729,-0.662259427857375,-0.583637048592375,0,1,1.2073622834207
0.677587575698681,-2.01206009181562,0.233435067143105,0,1,-0.831401973671176
-1.01597797082462,-0.426832392067734,0.0514068077932685,0,1,-1.68536311048013
-0.836281072961628,0.828417419138151,1.39277778261751,0,1,1.36519807090044
0.513735139454806,-1.4814029707536,0.767771521969722,1,0,1.78257311991718
1.08569999017425,-1.37179048108873,1.01778569598483,0,1,0.169120018148795
0.239824347309116,0.0245008524837372,-0.0736495267116177,1,0,1.4400224182715
-0.860414056945588,0.382700779396202,0.616133005857027,0,1,0.0920070960960873
0.328541727273431,2.10670537366876,-1.39981880506693,1,0,3.15862857626672
0.183058943597338,-1.66700657490533,0.607091380323507,0,1,0.208464810799713
-0.904874300578786,1.14538963425628,0.665771579192272,0,1,1.34667813175728
-1.57526770258481,0.847315931894432,0.0472158864328772,0,1,-0.535723670780911
1.84207456660463,-2.0640482444459,2.57541500966683,0,1,0.772504978990889
1.16481811162933,-0.0808371196017278,-0.637728190794168,0,1,0.396128157357515
0.70366535960414,0.104397801910367,-0.574986376174385,0,1,0.82485437809399
-0.578132592697618,2.75944034494589,-1.76989580454977,0,1,0.722640415468847
1.1488209884782,0.145138981596498,-1.10027583393287,0,1,-0.754444856702615
0.0952598889803816,-1.3087875708715,0.180728339550669,0,1,-1.68246664706295
-0.961131258787386,-0.599284332512666,0.952238774368426,0,1,-1.31271886575029
2.66790592314467,-0.546790969897133,-1.11533194975019,0,1,0.0133868041657222
0.479075447778043,-1.72317402984173,1.71226320740606,0,1,1.39761441563303
0.783909605977441,-1.0346947210868,0.499292943290393,0,1,1.1638998324358
0.482669090778313,0.608597584006121,-0.72717663425735,0,1,1.19225739946525
-0.204490866964049,-0.583185404265156,1.0130410308731,1,0,0.852681832859677
-0.507192064705667,0.307047852767128,0.497703528072706,1,0,1.43203188213033
-1.10245739352276,-0.362546538746083,-0.971797849087911,0,1,-1.99222583249384
-0.819586637460191,2.4891170195401,-2.32686959997282,0,1,0.25279441958982
-0.0368493596765075,0.495612319419027,-1.15617811887809,0,1,-0.726374170915726
1.72459914927069,-0.23396546603121,-0.778967112832171,0,1,0.385296270628425
-0.472666285575873,-2.06096971285193,2.5118110905127,0,1,-2.33584904329216
0.273681368135667,-0.575810342379395,0.0439067452275724,0,1,-0.46093497223028
0.767491442206674,-0.735787458385798,-0.391804501772384,0,1,-1.14428814662042
1.14966786029642,0.78575174423448,-2.240279175283,0,1,0.144011282239141
-0.280040928725077,-0.94870142015579,-0.949021007693922,0,1,-2.63816478478702
0.0782355073430961,2.68560380091501,-0.826534565665797,0,1,2.5514954789162
1.15705964569106,-0.679392985534145,-1.01462805035938,0,1,-0.769204893184614
-1.71316826231333,-0.822433356716219,2.01524278964738,0,1,-1.33069655107441
-0.342090809542726,0.126086246829007,1.02345419568949,0,1,-1.331132904088
1.54241515567907,-0.683788017641015,-0.830080097739093,0,1,-0.84485327317094
-0.414071441150003,0.0929306379714777,1.36162196158883,0,1,1.44961781837403
-0.176201077107286,-0.386046648169296,1.47210461308478,0,1,0.445269143482006
1.24671192670951,-0.794591795145588,2.21847955999653,0,1,3.03338437650162
-0.201504270738909,-1.52331256528835,0.446012619709556,0,1,-3.79545962845167
0.095609278613065,0.1910775869685,0.323408971462925,0,1,0.74805454037644
-1.26396478289613,0.785803377779773,-0.330699713051042,0,1,-1.03882397361303
1.12140965973045,-0.285109755631043,-0.47456876734939,1,0,1.42280141242516
-0.40547749564554,-0.452085690407588,-1.43164947354651,0,1,-1.21458187802584
1.45762141194832,-1.47704734390834,-0.0637095169829457,0,1,0.251290852852994
-1.46436832574059,0.581079069547939,-1.76997219497381,0,1,-2.46950378151435
-0.383392145214779,0.316790560096986,-0.166366066816067,0,1,1.78183366273164
-0.773751364298352,-0.960982819713567,0.171193332075087,0,1,-1.77385839396434
-0.536907294565856,0.0957977877169399,0.28246017982067,1,0,1.3852798654178
-1.5679070587526,0.432595422646132,0.666044629450213,0,1,-0.815394222971712
-0.538455191328421,0.383599491311052,0.38401863075903,1,0,0.921819234892295
-0.708024812051641,-0.603003354450063,1.2640862288856,0,1,0.801265866677148
-0.665553017929912,-1.09413949172969,1.06474596666707,0,1,-0.843057483607919
0.623714868566883,-0.80810894632986,-0.276239725388363,0,1,-1.18840643788151
1.1361051328552,-1.4155697169538,2.36921867256314,1,0,4.85261887049547
-0.19450761842326,-1.55712686876884,0.539445661316952,0,1,-1.39515057943916
0.314052503362099,0.0358602160690658,0.508882180569025,0,1,1.34210177131564
0.0453824740022437,0.21579826155749,-1.38053539702878,0,1,-1.10522250065718
1.054020306596,-2.61780450047018,2.0462428742021,0,1,0.605965167394735
0.266827397692468,-0.648106273753908,0.383640989011467,0,1,1.8398134588922
-0.249797349051231,0.4141344208658,-0.82137758069158,0,1,-2.42109926994574
-0.314610308757605,0.200670889761136,1.1285412286616,1,0,2.6681591726226
-0.921468626339762,0.33601344563077,0.615040795105353,1,0,0.954808299003807
-0.580515806709511,0.541318052620253,0.773886541968493,0,1,-0.640666662163812
1.34476969204301,0.551339121407126,-2.74620081269062,0,1,1.74687106842034
0.647702341328851,-0.251584814038655,-0.746966549145015,0,1,-0.87641508919033
-0.0745413504340662,0.28885957861204,1.39626443615516,1,0,5.24992177981775
0.153542167396908,1.10357612584095,-1.03432769184838,0,1,-0.312195219738409
-1.74246935749685,3.20652145692144,-1.18984018932632,0,1,-0.495350688997875
-0.0383905955205086,0.501509282588501,0.241242784610235,1,0,1.40714785177115
-0.859375412755358,-0.0162450621282136,0.865395883662066,0,1,-1.06516821424237
1.50144503591604,0.175458502310824,0.41538813645402,0,1,-0.574278866227395
-0.604596452027949,-0.826284866797709,-0.697554073181616,0,1,-1.34278107212796
-0.231161808934157,-0.565412512176271,0.315540786039482,0,1,-0.908507219573418
-0.873215792817724,1.79595868868344,1.08381378056823,0,1,2.18822892599003
0.821509538942533,-0.28738747200622,0.566159849554212,0,1,0.803454671902976
0.0032886173030327,-0.803597233974967,0.473378038277223,0,1,-0.119620318930935
1.99484399634931,0.672653066460228,-0.0837236337458881,1,0,5.25700706013598
0.356770298251387,-1.04275462486873,1.37903472345261,0,1,0.469823893607853
0.0480619472213693,-0.360380432889688,0.380692972487177,0,1,0.548146432716192
-0.818888750106856,-0.743766505887143,0.180337939959766,0,1,-0.935948021637487
-0.133259706102788,-0.922066438691742,-0.769501021111766,0,1,-1.879212229109
-1.57439561201375,-0.910690550341042,1.0577284349512,0,1,-3.0609509869632
0.121795302289053,-1.56671313293253,-0.0715646055548433,1,0,-1.42309865975117
0.308221091633269,-0.213855548017799,0.509836021499958,1,0,2.84730284806508
0.0160282003909599,-1.06485466076846,-0.133773559321741,0,1,0.520436681571267
-1.25474256857452,1.03456555439982,0.0328907180466378,0,1,-1.86824351834457
-0.221964720888434,-0.39599272002632,-1.43226462594881,0,1,-1.74437822956257
0.468608383307207,-1.4848394849949,0.820195203350141,0,1,-0.317499942890399
-1.31265719915939,0.853142161259601,-0.451873149446129,0,1,0.330923418275594
0.975611444176789,-0.404837774106349,-0.957118273831611,0,1,-0.206226849082853
-0.263774590106928,-0.696030146694071,0.0994404346014342,0,1,-2.09519703938159
0.824584524849131,-1.05490438658371,-0.0751608384598894,0,1,-1.00112692156368
-1.14312813599997,0.516192061800581,1.07315666916776,0,1,1.00523815259056
-0.513264968697143,-0.180230021645994,0.588031294420617,0,1,-0.979195750992345
-0.569722593565166,0.4167897582768,-3.30857021136385,0,1,-5.72638402122006
-0.172614886498604,0.132407546389556,1.26994374055248,0,1,3.09098482331077
-0.68647486313824,0.410711269073285,-0.366162832944796,0,1,-0.2982708074265
0.173516497912607,0.0439144551207647,-0.707601195202398,1,0,0.806092633723903
-0.675544709932847,0.679965519528023,-1.26264070642303,0,1,-2.029902738005
2.01571096278081,0.561914044587235,0.0507761630401697,0,1,2.30229364282187
0.477898005353208,-0.10054891180009,1.09957648532745,0,1,-0.634457127811859
1.09153731882781,0.20830446715458,-1.46761547053264,0,1,1.49412678723771
1.35939333644163,-1.30180847523561,1.19107333500359,0,1,1.99709772005523
0.131811182645423,-0.436653030250751,0.859027227943454,1,0,1.14602809317296
0.17330781385516,-1.14019000688788,0.326403562896725,0,1,-0.395097563171794
0.369171060161367,-1.85437664128768,1.76056111858853,0,1,0.851385711382025
-0.0924539480676703,0.91024187989314,-0.0290011271373984,0,1,-0.202505521245879
-1.30774221753712,-0.596931718623677,2.30872609866345,1,0,0.843271184018654
0.563251833359178,-1.60796259714715,-0.752958981956141,0,1,-1.18672284563016
-1.78109243376583,-0.617915317601095,0.611089668726829,0,1,-1.34416336732823
1.59178775684909,-0.130883544444212,-0.912197603125052,0,1,1.35534378175191
-0.208411999796028,0.294519619509001,-1.91575303848512,0,1,-2.08021775757861
0.731583146549072,-0.686102010763239,-0.660764081559306,1,0,-0.705835215459684
0.52884444328872,0.266324889243181,-1.85971371785243,0,1,-0.0711651962428261
-0.418090862849311,-0.341453359406042,1.91689413532989,0,1,1.64104023866747
-0.680671184910097,1.37175121935294,0.910935169972717,0,1,2.14551081288122
-1.38834408966832,-0.809016898864348,0.751706706253898,0,1,-3.64792246025135
0.311373399615017,1.06220980723378,-0.657077636830263,0,1,-1.11188768545082
0.0313883407551188,0.478997300041804,0.159682915998043,0,1,0.201091462844511
-1.7425344055367,1.34767884751507,-0.0424772239365237,0,1,-0.6256512746124
-0.188198793390479,0.55549725293117,1.47008071988915,1,0,5.57873250006808
-0.152998887337158,-1.13352730233674,0.743478542835622,0,1,-0.340839461263469
-0.500437022875639,-0.697368550706457,-0.252540479898197,0,1,-2.11538970055103
0.0658852007915149,1.65021151501355,-1.79255901702367,0,1,-1.09623148957081
0.0532949824794364,1.26469335680116,0.523201275449308,1,0,7.04579920609123
1.18455387584079,-1.2832217584336,0.951488508342856,0,1,1.758259110686
1.62590260998591,-1.44243678979966,0.655707685760067,1,0,3.14594308968716
-2.20472844996147,0.675191378744225,0.215764947147046,0,1,-0.316350795257033
-0.00567638353339772,-0.0955601517374374,-1.10972367125094,1,0,-1.56066065265491
-0.118639393576316,-0.441161881902611,0.268042512069436,0,1,-1.36849885137248
-0.109305125582062,-0.131933204133814,0.70333736568473,0,1,-0.251093573353902
-1.06884498273192,0.602558319354489,0.552733888627409,1,0,0.110187524486245
-1.00856401425548,0.607572808915054,-0.463326085110712,0,1,1.7284011696859
-1.93149224104357,-0.137561660256769,1.13380920027231,0,1,-2.09778103788574
-0.461220539934101,-1.62359906936679,0.254129570700392,0,1,-2.55984466027394
0.826728921850835,0.460467599329423,0.0697392303847713,0,1,1.80789071137159
-0.541632483781029,0.444595427329711,-0.399949599827941,0,1,-0.788057491438113
-0.873034318653529,0.366287507629385,0.154834649265987,0,1,-2.04560453972695
3.14903047020455,-0.814230139075419,-0.214779828121947,0,1,2.36469075440411
-0.0755412216749652,0.493197828574406,-0.235540556646307,1,0,0.336163517950688
0.547608979150073,-0.477343759108105,0.633568818581153,1,0,1.10709821863538
1.34338791656668,-0.883029302860412,1.0132734218014,1,0,2.8330070640684
0.0952799022831943,-0.505914225222516,0.186299816858776,0,1,1.00959497406526
2.20112042193388,1.32159986443062,-0.905176287449518,0,1,2.46135043204684
-0.671783359963748,-0.389093553433246,-0.136329000116365,0,1,-0.67307471776609
-0.77886779079926,-0.147982231243324,-0.790573114104382,0,1,-2.27609102845219
0.56554887477313,-1.63203734946879,-0.171807821347058,0,1,-1.31486452119754
1.85803481411779,-0.262901041041059,-2.60737729346083,0,1,-1.20257392611015
1.01879862112923,-1.52407747538193,0.41868844716711,0,1,1.79546413877872
-0.433355527000954,0.451504682277052,-0.264434097190316,0,1,2.76208482486693
-0.230473531508675,0.637513095998133,-0.357961618155341,1,0,1.71530075132478
0.820373015921071,0.16649343381335,-0.12171047824074,0,1,-0.267904523090566
-0.314665680230237,-0.101775916210536,0.18621910327116,0,1,-0.648311837901596
0.197107213977527,0.150264097818901,-1.23534305087156,0,1,-0.90134601444569
-0.886826768306589,1.9813870345376,0.163417761716618,0,1,1.57062917031581
-0.546852110761998,0.0824663065203596,0.740029159854808,0,1,-0.658742955274884
-0.996196850748178,0.803616604436735,0.476515637097653,0,1,0.745084805597271
-0.18991505290722,-1.10393871059093,1.0814137187183,0,1,0.351051187144954
0.101123806617123,1.21424060777971,-0.470029408808451,1,0,2.37170932677834
0.249114629451397,-1.4170505461352,0.237565352097201,0,1,-0.515257320362714
-1.13111053872584,0.810348582040222,0.791383635807025,1,0,0.0900665318537681
-0.782261098933268,-0.769738355586737,0.173543949734393,0,1,-1.2940669294857
0.36111876734422,-0.614209276371674,0.925919420312327,0,1,1.37443693535899
-1.69653790566056,0.00576651795610023,0.278452032629661,0,1,-1.89074222447752
0.892392712225225,-0.380576255102201,-0.0681540624621179,0,1,-0.203456666286731
-0.292898106877515,-0.178444073458177,-0.257395304401668,0,1,-0.978045879796108
-1.69614983828318,0.944211607349548,0.299623526294818,0,1,1.33814025242483
0.0926535571261204,0.281040549015866,-0.303089356568031,0,1,-0.288638890336831
0.183255972444484,-2.08137500345756,0.432391867040651,0,1,-1.58036279544893
-0.057601124723976,0.120645776481395,-0.291991216370578,0,1,-1.55587184888066
-1.5350469379509,0.593212062537016,0.363496780717637,0,1,0.406308115176873
-0.0837008814340929,0.1080864373581,0.126048348637664,0,1,-0.331110506563618
0.2571492878686,-0.138893027100436,0.371441670576026,0,1,2.02782179052517
0.238670441236604,-1.76828309533424,-0.801993159891257,0,1,-3.49689723432002
0.981703864925232,-0.968246946195147,0.360736275593566,0,1,0.860160640755894
1.23595382063547,-0.168260602213216,-1.20470978808163,0,1,-1.74816772807427
0.148195053071724,-1.19482234908533,0.815605915481284,1,0,1.94620488819189
-1.11495157618466,0.640519692670672,0.184461765643169,0,1,0.00882869842356554
-0.634828991285871,1.55936485086256,-2.78172096679222,0,1,-0.80691567297039
-0.141281887943621,0.905340072866258,0.473924978110339,0,1,1.86496003014865
-0.396695657368724,0.615768254220663,0.10268129284971,0,1,2.1740855896999
-0.921202950739106,2.57981020950009,-0.675195486419622,1,0,4.91167348735406
0.472222693823657,-0.236958633120496,0.599853944839983,0,1,-0.361625163717716
-1.8577229349207,0.539581858363581,0.665836532168748,0,1,0.00686629804932981
-0.674900670935304,-0.127617423466847,-0.164386592962318,0,1,-1.74376366360353
-2.91128473875703,0.329228960625223,-0.777247255911908,0,1,-3.57045031684909
-0.25634044573356,-0.697601759377723,0.458984954437197,0,1,-1.81214822298872
0.674878703489315,-1.60874195250928,1.48383864876492,0,1,0.596830723613264
0.336789279735025,1.20066159685379,-0.524145999003739,0,1,-0.374925653613639
-2.31946539395611,-0.027461122065359,1.8658518367539,1,0,-0.656133550920363
0.703072557623758,-2.15772742858774,0.658878686142454,1,0,-0.60040118226439
1.01441196542174,-0.689822125999277,0.265434320415261,1,0,1.4492585660186
0.570030976461336,-1.85517825446618,1.21492461315059,0,1,-0.0640160549787012
-0.411315501896282,-0.0883654311158284,0.224987038141715,0,1,0.721954866094436
-0.505456413854672,0.308533184475819,0.618223090357998,0,1,-0.0534163051142093
0.187827508293463,0.143432853394833,-1.25173065812309,0,1,-0.531523870534056
1.33728603728966,-0.74282807507208,1.16469734039751,1,0,4.22724680557254
-2.60398403757903,0.385510022240167,-0.191591080003754,0,1,-2.15762668791644
0.516396931974295,-0.308913453224698,-0.227479627330459,0,1,0.233435622247999
0.106474899999254,-0.132746382074288,-0.450261476376381,1,0,0.722212667399857
0.618079164838441,-2.09878184369419,1.62688165240878,0,1,0.430352677774104
0.638683311366054,1.08109708429454,-0.317628628569725,0,1,-0.219023123188721
-1.86409690555797,1.15939037827967,-0.138851846759235,1,0,-2.01431537118731
-0.174806607218989,-0.162145726516138,0.489265096415006,0,1,1.34747994411175
0.270518768280055,0.447009333458985,0.41129135058198,1,0,2.51229283422574
0.694898806306045,0.596470541552113,-1.80599756825371,0,1,-0.245025279743956
1.02883006999734,0.655919543001595,0.496406648064159,1,0,5.25741585294772
-2.28391634099227,-0.339015474957732,0.872254665785784,0,1,-1.60962652226857
0.200680737173571,0.979329481607539,-0.260104136887273,0,1,2.86258738810161
-0.219009694819781,-0.401615464252579,0.813156109179074,0,1,-1.18938983348835
-0.0933019937375629,-0.449357428838791,-1.54600342365914,0,1,-0.773961993141323
0.838252987524217,2.24262718591936,-1.6828858925578,1,0,4.1940652862907
-2.49004549102036,1.76521112461834,-1.45913598342125,0,1,-2.01346746825516
-1.71976309191834,0.225536783230314,0.519435307879776,0,1,-1.68571728410687
1.69742177068644,-1.63754867620795,-0.67042385701313,0,1,0.327187467732367
0.530005958942806,0.119541989059395,1.87429491010725,1,0,6.47602519266125
0.438274501070755,-1.01209452143293,0.985907561971323,0,1,0.597260753631059
1.27691226468993,-0.345634158125794,0.735872033672671,0,1,0.64007017260852
-0.968161161205946,0.015350106427695,1.76508182855899,0,1,1.73174776820677
-0.123960853189218,1.19297721168542,-1.72933131592911,0,1,-0.996990630299005
0.508319269807458,0.164306156929824,0.332955308758936,0,1,0.629825483716576
-0.104560356059514,-1.8912670074873,0.975507215760586,0,1,0.135511989798121
-0.878925230725447,3.07876261693398,-2.65330794420886,0,1,0.206874953065211
-0.705074246755462,1.36471509910124,0.999937998947419,1,0,3.74278265191245
0.344119712254973,-1.35427906290439,0.193308357604145,0,1,-0.267639266194212
-0.488246697685395,-0.228209820301026,1.44058211627499,0,1,-0.136390603936467
0.783124465130402,-0.30787635659739,0.769994327048983,0,1,2.01063739321244
0.391727361412493,-0.901681298113154,-0.743480896922657,0,1,-2.05912635005563
1.21559507992295,-0.636837305955198,-0.857941502909077,0,1,-2.09153071361374
0.914438528637181,-0.227567262654219,-1.22393479002774,0,1,1.16647760526881
-0.456945514507615,0.711088609053853,-0.713777402887403,0,1,-0.845327077480101
1.20744594417362,1.37978645178621,-1.94647247005433,1,0,2.94568572347217
1.24029845396996,-0.0587664119406192,-1.18674141664394,0,1,-1.13655884024377
-1.69531740876491,0.481089247280902,1.34959787698593,0,1,-0.00491965498625027
-0.0838842517706414,1.08233587304379,-0.383551025608005,0,1,1.27614167416543
-0.261026350313886,0.311597179816514,1.86744729527027,0,1,2.92227258531818
-1.39039760670388,-0.312823582312272,1.1796636422998,0,1,0.147247745502746
0.880188915170302,-1.07175160922232,1.10614654901764,1,0,3.4124720078363
-1.03457513145195,0.499227229854725,-1.06144727393875,0,1,-1.82885539840204
-0.763861048575828,0.0821383415739892,-0.473928702478165,0,1,-0.774418339629793
-0.467779801491896,0.196331275800689,0.589178414914392,0,1,1.06808516263947
-1.45642806599389,1.16892693158905,-0.24691627316278,0,1,-1.87287234374342
1.11540504298945,-0.135304960373981,-2.03152030584656,0,1,-1.24581225033005
-0.294288769778987,0.763353652901874,-0.238406661291412,0,1,-0.471178922087312
-2.63468564935188,0.763428710883066,-1.74363696037345,0,1,-4.9806325394087
-0.208822048063938,0.0317262473245097,-0.48227811899228,0,1,0.52669303431676
-0.414430051226399,0.529352065357203,-0.0767536180963554,0,1,1.1705377125641
-0.150482206041379,-1.04952716514632,1.26840284998164,0,1,-0.217478316567401
-0.174998675037772,0.567138650945232,-0.420555253687108,0,1,-0.713687333476997
-1.39176587285108,-1.0171755445997,1.01287547992731,0,1,-0.329010619165565
-0.723718470735857,-0.623589831089216,-0.0182577544563367,1,0,-1.68682425697882
0.584573136716898,1.05984220223892,-1.93237024718642,0,1,-1.04304923005913
0.392398528264794,-0.281305456780557,0.111203963901938,0,1,-0.231620001571274
-0.708852234093774,-0.132306072751571,0.170677905878114,0,1,-2.78100016203682
0.166266506101452,0.0886906577871335,0.425281722060006,0,1,0.334509020648549
1.39281060316408,-0.641744014612289,-0.725976163610426,0,1,2.28395464668385
1.60721843712536,-0.0520413537440679,-1.32230402728266,0,1,-0.0874866348586796
1.35421890533617,-0.885207604859338,1.2931833367615,0,1,0.905667314000014
-0.284047471998387,0.128013127617402,0.79030979006409,1,0,3.13022241253918
0.316357460284335,1.58479826497981,-0.816145444499276,0,1,1.46767593159657
-0.255187097584797,-1.05202595145167,0.350030592660035,0,1,-0.531283396221804
-0.660549139560946,1.59706538034059,0.214260104557323,0,1,0.575089201989566
-1.69387542846111,1.81755497826793,-0.226614802443552,1,0,0.470326050166713
-0.52846578620496,1.13816122477701,0.367123634793164,0,1,1.48301392756616
-0.602583714596318,0.647110051597644,-0.240484935264854,0,1,-1.27347314335182
1.09402038864634,0.72772040499732,-1.35876441962325,0,1,1.13577470961062
0.380491015348852,-2.42050887108045,-0.373951161514326,0,1,-1.95023502138199
0.266874542419631,-1.35517975941439,1.6467236399812,0,1,-0.395117433071643
-0.254409600799079,-0.960488300272661,0.466339670354129,0,1,-0.473860156960681
-0.0718926305626833,1.00192121161685,-1.50406835115278,1,0,-0.998094991880904
-0.47945230183309,-0.289558809975768,0.0161982701093127,0,1,-0.689035518829474
-0.0416713937272484,-0.857567798048568,-0.177584835649685,1,0,-0.922377426228309
-0.893439697050419,0.335122932994053,1.07239030772161,0,1,-0.112328877651967
0.513881892560751,0.296512316944962,0.468102555678076,1,0,2.51709019025011
-0.40559029442156,0.594995279908325,-1.03623127161829,0,1,-1.49357968480286
-0.117663377440749,1.54767283328925,-0.554735003595107,0,1,0.452986994560677
0.919455777930326,-1.84717401388683,-0.412826141758548,0,1,-1.59228467644957
-0.4969980273134,0.208574219882352,1.52514594689353,0,1,0.683170195065112
0.569579599673328,1.40376083127186,0.822057660965799,0,1,2.10519268566371
1.01307387253472,0.118917778444783,0.0850133555907509,0,1,1.96941882590535
0.909920209747217,-1.67737590139392,1.58577553868676,0,1,-0.412751429256544
-1.16440596744972,-1.08323517842926,0.177866097824078,1,0,-2.29385027103704
0.75370186394598,-1.62820276922838,0.131946257537989,0,1,-0.14114404216118
0.375224424176198,-1.88687328310561,-0.0681922064844829,0,1,-2.22966107715758
0.305230725846924,0.898887428427359,0.205494089623066,0,1,2.54477121521719
1.56795682528215,-1.16893901433277,-1.53118958692861,0,1,-1.29237690659469
-0.236373574083347,0.84206306953601,-0.0100396124319551,0,1,0.339302228380044
-1.083632741207,1.00310785611585,-1.05805622621313,0,1,-1.53896398626974
0.286342776181325,1.87661353014614,-0.148551548015639,0,1,2.13405609767325
0.381628627148057,-0.270234559375678,-1.21438326577223,0,1,-1.68186098688027
0.174727294450411,-1.51261138646518,1.88112150994071,0,1,-1.40097629912002
0.479153939146683,-0.0267484619190142,-0.230039832570012,0,1,-0.790672297513523
-0.979713622082089,0.20627438474084,-0.793238175682952,0,1,-1.41128772363121
-1.67633264779619,-0.331820589397188,1.61805550170858,0,1,1.17042702251577
0.782904087203346,-0.68678408273454,-0.120397589500769,0,1,0.707290424794399
-0.417927147795948,0.848647872759441,-1.49492464404926,0,1,-0.12745031401197
-0.339577191499719,1.32425999285144,-0.125590078297179,1,0,3.1838075761455
-0.28494173274826,2.30896004034368,-0.777034467468287,1,0,4.34021172135154
-0.635554250307648,0.722967577396806,-1.43842801981173,0,1,0.0893839057795289
-1.27354422231209,0.247383824378133,-0.662226991608003,0,1,-2.72584001499964
-0.504506483151312,0.0699006073942347,-0.156272411895146,0,1,-2.22152986435765
1.56099754652368,-1.3013547597942,-0.0749863634793679,0,1,0.128839310107668
1.0345902370272,-1.39940312930906,-1.09500033531945,0,1,-2.44495138996545
-0.386013594585372,-0.30267992402454,0.552128833522338,0,1,-1.84925462601086
0.237616764994809,0.353112139028057,-1.08504867839812,0,1,-0.134892685951493
0.690520105250458,-0.0218043478992968,-0.798223386397318,0,1,-1.44388458542917
-0.963100584845156,-0.78861651489345,0.974045503021624,0,1,2.34223176955518
0.0997088434419343,0.932309598311337,0.207535323718683,0,1,1.29730907473851
1.12319381934432,-0.79100007230388,0.312046614116202,0,1,1.37644137140651
0.0154607372503534,-0.915952883729753,1.2489621482665,0,1,1.10780604924613
-1.04395117486529,1.73324061334525,0.959803769522984,0,1,0.663981436231414
-1.42571259477699,0.38645439491086,0.0865102960302855,0,1,-1.01150719049106
1.32969808594681,-1.20405744214384,-0.214215520321383,0,1,-1.16818707437474
-0.123656455003145,1.82290132734344,-1.10970857127361,0,1,0.988786600851514
-0.161603892626533,-0.521425436873318,0.341660046370722,0,1,0.454034602914922
1.13180045834929,-0.29921631132728,-0.987040599616261,0,1,-0.28758363983854
2.16297784155468,-2.64993910439441,1.65380161741102,0,1,-1.25490711999365
-1.38904460429884,2.47508414392975,-1.48303370066591,0,1,0.487283504305124
-0.105043667084565,1.0733562129721,-0.227156837592974,0,1,0.176064725173538
-0.0250486441652879,-0.829597753846235,0.33921077257471,0,1,1.0136534067072
1.19203439730855,-0.974489106802697,1.52439052973833,0,1,2.05913275626015
-0.334824587309802,-0.823547554200685,1.07340401447403,1,0,0.334159034649198
-0.97775640387775,0.969212771559479,-1.09982475015672,0,1,-1.9376547249785
1.71189511370096,-2.14318133456467,0.478217780805707,0,1,0.236396538524548
-0.516532757955571,1.92059430288662,-0.749208212132915,0,1,-0.534010401491468
-0.0135392881636671,1.45184614439091,-0.366578615900123,0,1,1.70913045170447
0.520242336421176,0.690282894212531,0.584555650097684,1,0,5.14574136085437
-0.204259878860213,-2.20422799801542,2.158651491035,0,1,-0.057579284801339
-0.255781720785915,-0.53091422472597,0.639244446923966,0,1,0.879374642225964
-1.06137535390565,-0.671211729417136,1.74367344472782,0,1,-0.972391469599331
-0.249682796934644,-1.8473135703034,1.5283687502071,0,1,-1.50132280833256
-0.433405120467734,-0.333435589760547,2.38865707237419,1,0,3.280759487126
0.266104807320629,0.889776453864078,-1.89161986820539,0,1,-1.54945071507022
1.38245083725951,-0.128768273555108,0.302822476757236,1,0,3.91849768727674
0.482397001348252,0.206213560444942,-0.385833526477793,0,1,2.21878962503536
1.88763512205915,-0.793148396981069,1.45659426755422,1,0,6.80393120064149
0.74483333921328,0.866845978783416,0.156610045759771,0,1,2.73883880247263
-0.876359901137757,1.69445350445405,-0.200874030530489,0,1,0.488823093027132
1.13327203426255,-0.588402878457209,-0.817914142061837,0,1,-1.66775011200465
0.514719309248997,-0.42140513867646,-0.297674269438118,0,1,0.504193316113315
0.0991434000128221,-0.365427485280352,-0.770368508942486,0,1,-1.24226455948008
-0.394673763736844,0.786192046158123,-1.00635065260877,0,1,-0.34242659154805
-0.107963052793994,0.579242515574875,-1.07196571700865,0,1,0.364803671825997
-0.614179389802525,0.411341045152226,1.26078477614836,0,1,1.74596965319829
0.318447451058681,-0.488090917196039,1.54531962399306,0,1,-0.689595749756879
-0.159646361886377,0.57728480885067,0.203271727022584,0,1,-1.53658423190828
1.30171207339619,1.49299373644465,-0.919897612036316,0,1,3.57853644690579
-3.64345432118422,2.54875871950087,0.853157898585368,0,1,-1.36151654798903
-0.404822047809511,-0.348511768140326,1.06434037936913,0,1,-0.680878133222885
-0.57491591768612,-0.171278213641767,1.35841568299798,0,1,-0.505752292268023
2.08506738388917,-1.29608267701104,-0.825552634658625,1,0,0.327393940123981
1.42146633961086,-0.772570886081231,1.11667070127136,0,1,1.11418170610229
-0.00654268523774892,0.90102855749563,1.18999078975173,0,1,1.40986717478288
0.148098951723308,-1.41392267937685,0.784780800292096,0,1,-1.45646328816984
-0.13448916626861,0.396984196801189,0.816138903543388,1,0,4.60330534068857
-0.496953517242446,0.977896783791481,0.406688524504535,0,1,1.84331939552104
0.0718736281784954,0.95033426825028,-0.626755224641146,0,1,1.05787385841578
0.295924091967081,0.625191826585567,-0.101756111792442,1,0,2.07005808862048
0.409455826736844,-0.71279751806871,-1.02949224044787,0,1,-1.80733965372431
-1.2335316464352,-0.374060708415759,0.456261486420764,1,0,-1.76803669015156
1.61488353880125,-0.227073101273441,-1.40633332594587,1,0,0.92760482465182
0.395773778808549,-0.101255967042305,-0.0353861436448001,0,1,-0.233935435478357
-0.0623611255727192,-0.399362393654113,1.22206734442647,0,1,2.15703498605513
-0.32593787951924,-0.151125070971541,-0.658794947499873,1,0,-2.2971613469616
-0.401738695120174,-1.57690437131396,1.89913590554925,0,1,0.10956553656628
-0.517051965352094,-0.47632224345509,0.803968824760506,0,1,0.529270375961384
0.608002964905246,1.68283476285036,-0.767570101433137,0,1,1.53103375617375
-0.402528190869353,-0.0990097081729079,-0.505063393710133,0,1,1.48485130884252
0.464489055601674,-0.230634881079315,0.49738787051773,0,1,0.560961009642986
-0.540093404594474,0.242894490543942,-0.132721607072199,0,1,-1.86652366773851
0.572599080871685,-0.342214278200962,-0.240713246167841,1,0,0.173237164797595
0.239869910559528,-0.93329456200087,-0.712496799471498,0,1,-0.413947706879598
0.387936746455299,-1.73803214921616,0.0104891154440468,0,1,0.00374714419826683
-1.50771802839292,0.0857848309298687,-0.107521544839567,0,1,-1.93386350805948
-0.862764755767532,0.0636622851347865,0.88624094388999,1,0,-0.354433005843256
0.228920698875853,0.558442384862819,-0.725264110133052,0,1,1.45095581290341
-0.646561418065233,0.994620995500347,-0.590220276901336,1,0,0.569404482959699
-0.317796325519785,1.48615880209267,-1.92526684234627,0,1,-0.819290387331146
0.706350904113486,-0.176213615454032,-0.468788921395273,0,1,-0.953008028567661
1.25395935530885,-0.0265899494018133,0.320965688558958,1,0,4.07960718719111
1.67415430900985,-0.244424425931614,-0.356873697360763,0,1,1.51286379904504
1.26468343857879,1.6866260496558,-1.89436545954371,0,1,2.17794925370829
-0.93934037653743,1.31152255446654,0.228230951086979,0,1,0.827715111347834
-1.35298781507109,0.531350464794112,-0.754265371799887,0,1,-1.27355975632258
0.339748859524882,0.657675372572638,-0.972918099426069,0,1,1.34077847485327
-0.905384343875031,-0.413085260475659,0.589043806286127,0,1,-1.39588458562141
-1.09477177615411,-0.487616653130852,1.73996654953063,0,1,-0.535554719262511
1.26111734403684,0.335315980869313,-2.73237009661193,0,1,-1.6706831042527
-1.71032236463317,3.36548161980122,0.00954682879630797,0,1,1.7945186748612
-0.320368179260814,-0.671736017361264,1.61733851381852,0,1,0.837113567728273
0.220939824851311,-0.527651257013718,0.474072062814769,0,1,0.286813841773398
-0.0749188808321333,0.484838850250104,-0.908525401929843,0,1,1.02383523263347
0.407146623475786,1.06295142683127,-1.33543714785777,0,1,0.140704137886009
0.614853180337027,0.347648037207149,-0.762096093828862,0,1,0.637946860234953
0.156849129035607,-0.559478898019811,-0.834189065292313,0,1,-0.9095940857907
1.80324234924837,-0.937655738335125,-1.45778433483153,0,1,-0.62628873421633
1.32623905194131,-1.15006352084406,0.357365089614652,0,1,1.21317108577015
-1.18300153650015,0.815146496409663,0.3311327959201,0,1,-0.0264248504263715
0.497303771673268,-0.552130051172103,-0.67192759638081,0,1,1.02709547827386
0.0128614314731765,-0.554543668247556,2.488377227207,1,0,4.21766134397765
-0.715004327220122,0.485415040270333,-0.818551203176594,0,1,-0.447632986312886
-0.683663922755254,-0.343440273032832,-0.519872736665141,0,1,-0.490396230687012
-1.05902524870405,1.86636231063591,-0.363873563835939,0,1,-0.145869258484808
0.865562171702976,-0.296119344435334,-0.588874063247451,0,1,-0.539685764675431
0.829565096643395,1.19489733062772,-0.388675575155128,1,0,4.97663659271931
-0.090917343509282,0.890386071796523,-0.774291667109774,0,1,-0.0744626753875929
-1.88327482328449,0.62983781025131,0.855679610038125,0,1,-1.16628780134963
0.156205563415365,-0.0983480474225663,0.833700573691842,1,0,4.0732557993063
-0.981560078604201,2.02032745722779,-1.18510834604445,0,1,-1.50244138942307
0.993881107641214,0.750062935586213,-0.753412126137878,1,0,2.63651536278855
-0.410224956782929,0.964637731304632,-0.572713602177208,0,1,0.220597319915159
-0.710274198687999,0.981977990829112,-0.123857611564691,0,1,-1.91904735970444
0.347989429880483,-0.638345611754859,-0.202149430692778,0,1,0.239504483073255
0.61224894258824,-0.633083879027005,-0.762705676024111,0,1,-0.128321225142035
0.107003250076649,-0.576173685463409,-1.37307660369041,0,1,-1.33295895174442
0.145315801922323,-0.83449458282849,-0.184936511684807,0,1,-1.70761839407527
-0.429054444325335,0.71949131472092,0.0888853723816045,0,1,1.50078922758203
-1.71947021367567,1.93969425945881,-0.262112122584121,0,1,0.525342931719087
1.02162752688703,-1.76878320556766,-1.03121394110735,0,1,-1.17133047921728
0.934002363238013,0.6779436325528,-0.316071541415589,0,1,2.88976522897811
1.46970804415164,0.357714544553266,-1.72605368993307,1,0,1.02909028518108
-0.852492356676422,-1.10200989490479,-0.682645938404862,0,1,-0.907076292404086
-0.0442110616882907,-0.542093461249459,1.0915915249417,1,0,1.71830244792468
0.435555028557008,0.0898696551809006,0.845143118535173,0,1,2.29129322968176
-0.599488722697947,-0.948070999556431,1.33711129747707,0,1,0.258934767474603
0.0109078430151891,0.471912198779441,0.923337901406329,0,1,1.31740383363466
0.71107308333956,1.02588667527447,-0.212845996524404,0,1,1.06836893059615
-1.21502983638163,0.378688285667678,1.02977400099851,0,1,-0.0516644123668027
0.484954663989907,-0.273506344373984,1.19959992013302,0,1,0.415589107001377
-0.72059313190802,0.970144693381289,0.157971039593442,0,1,0.667585130241536
-0.199713833760605,0.358498135613642,-1.66279688967659,0,1,-1.06970823661308
-0.340232898034313,-1.07843571029612,-0.72478525237098,0,1,-0.112982034697436
1.52156040683895,-0.291958885185127,-0.362973916169063,0,1,0.107125594301616
-0.643197883429151,1.72226474806752,-0.799459368207775,0,1,0.2247199262442
-0.769718606391937,-0.805683424311549,1.37514416238601,0,1,-1.14153752389856
0.735610113830564,0.402536561529493,0.0260908444714634,0,1,0.448497606634821
-0.136017596013766,0.174570855896003,-0.0392217010886666,0,1,-0.771545530001367
0.31161421830243,-0.584658800361995,1.56361335136197,1,0,3.29026689163718
2.28616710615422,-1.04637954089279,-0.14486706909568,0,1,3.2689782333851
0.541888438730889,1.08315152122956,-1.61975562029747,0,1,1.02341053926195
1.27248108466497,-0.90229522358942,-0.144747763637482,0,1,1.02875763140283
-0.84440374642119,0.255425729989063,-0.394546135912592,0,1,-1.7887575533812
0.146454036961511,0.0419521964722555,0.276150924573524,0,1,2.34687510967871
-0.939339847604192,-0.652846344398658,1.01288552504164,0,1,1.4268844010435
1.64312633356029,0.548158216020552,-0.27116533807877,0,1,1.0798302087529
-0.486978385962921,1.22786711230051,-1.20951707638251,0,1,-0.262704443556897
1.10099558339399,0.100181849344709,-2.18604590100343,0,1,-0.734812646229315
-0.477381638991776,-1.36815995607956,2.08322323096104,0,1,-1.87559390305484
-0.716358719503479,-0.0881906575818797,0.976597942672493,0,1,1.04483395035337
0.224733751980459,0.919125584647412,-0.793845822472925,0,1,-0.492828480630541
-0.183481344096867,0.539467279449747,-0.594617830138062,0,1,0.579228186071237
0.348283767402047,-1.30143122320445,0.164176644134694,1,0,-0.0842505263664532
-1.57108143274042,-0.672084682476543,1.23081081189295,1,0,-0.609103895088982
-0.566323417359552,0.727985905308585,-0.530630149183112,0,1,0.283034874031232
-0.143975088148784,0.201267641553184,0.500332145788765,0,1,1.34271248456534
-0.861191956907701,-1.23192481113856,0.239489386051435,0,1,-1.49271855963845
-0.0207604539644974,-1.96350363904942,1.09597916758541,0,1,-1.76198766809671
1.1978245439509,1.15865439060933,-1.42464355903472,1,0,1.99332626570107
-0.847308038728184,0.274438812344447,0.294356288051343,0,1,-1.15384198231868
1.80991972850392,-0.266358690609167,0.401212020066163,0,1,1.67813023432837
0.367676581269677,1.0719643682182,0.310122537386865,0,1,1.95106946667233
2.5447534927428,-1.03245319254351,-0.416226139666829,1,0,2.65544145078682
0.346110784209165,-0.966468431040187,0.70702157026204,0,1,0.93422493636638
0.153605601173418,1.73423256799904,-1.45322917802886,0,1,0.26314555637458
1.49649014169075,-0.906272967174588,-1.88748348848985,0,1,-3.15292027564226
-0.135293664190578,0.444980804044138,-2.78124360102296,0,1,-0.579511201697918
0.0585254630272741,0.960658082712444,-2.19381221259465,0,1,0.168847376895603
-0.843316470354569,-0.563119812393383,0.0126408580181945,0,1,0.422229009679258
-0.520052944264859,-0.393337547936804,-0.0373041860990224,0,1,0.0280642258976287
-0.942402840747043,-0.400179982851697,0.12069797947267,0,1,-3.00049455452272
0.187532408204945,-2.15107789790488,-0.613174249997473,0,1,-2.63121804769811
0.250884096658119,0.010045896729357,0.543255401560683,0,1,1.35788486454854
-0.240759432245211,1.10160105550252,0.385177527108376,0,1,1.68142277223744
-0.796714207418877,-1.15892101670873,-0.932142873929079,0,1,-2.15729571923849
0.815125053180153,0.688550096975776,-0.919942178657315,1,0,2.71908997720003
-0.464701683150451,0.596533993754283,1.29440644977302,0,1,-0.427448100481775
-1.52167034271025,1.49305209701558,1.04746979027328,0,1,0.959967126633322
-1.91278552553532,-0.170347644312071,1.2257866189189,0,1,-1.17441629323329
-0.46014439123221,0.132844224111566,0.933348915487634,0,1,0.706000317667725
-0.0655117065050272,0.800919883362885,-0.374417824915824,1,0,0.249606949252822
0.229957386848956,0.0838830505313725,0.0329604774314951,0,1,0.157526243957866
-0.409676736320572,0.224646392294356,-0.904176926809058,0,1,-0.453010076452539
-0.0975311353669192,0.610133052672597,-0.523517347179793,0,1,-0.6783604634391
-0.373338606090606,-0.165786641476962,-0.46089279678641,0,1,-1.62222193896433
1.77144790120216,-0.507131569233128,-1.28693366399208,0,1,0.383128227767119
-0.520201216155684,-0.274297581021145,-0.510817218500404,0,1,-0.346290748190746
-0.377594066897445,-0.499190739379073,-0.00812488653073351,0,1,-1.83786664701422
1.05581300906258,-1.10681438920038,-0.399501395524452,0,1,0.727761457570585
0.985951463417127,-0.0476984819883962,-1.75875797439111,0,1,-0.836008238815498
0.878979069590396,0.825549098004707,0.320179818098623,0,1,3.71507707046456
2.75485555660593,-0.462105844700773,-2.09119279891769,0,1,2.41009421393417
-1.81669742035313,1.32643832072943,0.755040232700683,0,1,1.44747894318507
0.27993611125965,0.133182420658852,1.3729035043767,0,1,1.96934551836802
0.435592445213203,0.406328783150107,-1.09934710637662,1,0,0.870229333316827
-0.804063760046146,0.795795043012259,-0.811796803521273,0,1,-1.95303750930962
-0.96385717096324,1.38887044905128,-1.2691465346927,0,1,0.375636320172826
1.19183875267141,0.913398391537439,-1.40991307275498,0,1,2.47310593354075
-0.0247003704742117,0.918802794137677,-1.42377948247144,0,1,-0.760782096696963
-1.49546980196099,0.932308533463053,-0.0237181400384911,0,1,-0.429510629400443
1.08570853620203,-2.23744111702112,-0.675299707637945,0,1,-2.29031551172613
0.375016777175492,1.5497476264601,-0.82392377959335,0,1,0.237368055802838
0.846937480513287,-1.19883432738224,-0.288472352019071,0,1,0.639600520079744
-0.570731625127416,-0.34825177257123,1.35465231652672,1,0,0.467494392074004
-0.383619110540497,0.709235584957464,-0.704533277473575,0,1,0.736744013906731
-0.345077094323423,1.02037893504533,0.504507209701629,0,1,-0.122897167470227
-0.504117802119316,0.73724294292903,0.688161100584415,0,1,0.693440686499499
0.941335456684131,0.440344387183079,0.358268496928546,1,0,4.05956421164463
0.745149770570274,0.342141028720438,-1.02070788211143,0,1,-0.585414613686276
0.209646559174453,-0.839137122542836,0.495656693285455,0,1,0.113936671496014
0.225191015169035,0.366594629954229,-0.34006397683095,0,1,0.00121443634633955
-1.92888405389414,2.34186761694122,0.262701971765887,0,1,1.63168223850607
0.145508851589839,-0.162442329943723,-0.667903673585075,0,1,0.192347415697875
-1.01572801487855,1.32355577031186,-1.55007211582602,1,0,0.235656467355264
0.0332690472390986,-0.740289468180236,1.12140332885591,0,1,1.58863502695552
-0.353674012369329,0.111085630016839,-1.40966344722333,0,1,-1.91298596619901
-0.0896754201041041,1.54235767107834,-0.143816451570385,1,0,5.55265186753964
-0.941345105761021,0.262291498317443,-0.185435270569546,0,1,-2.43561223689547
0.332682328977937,-0.859887915896598,-0.283216172639362,0,1,0.0531604126008927
0.282604767896697,2.07987743614168,-1.6520410418161,0,1,0.382086526174471
-0.322465381344337,-0.460549468141761,0.169714417228807,1,0,-1.68022635140149
-0.512851903697679,0.612234126400184,-0.975653323832927,0,1,0.13474740051612
1.17175366914083,-0.48678120244048,-1.97575118205943,0,1,-0.706780570397362
-0.00294512480402381,-0.770203475216166,0.433658672529191,0,1,-0.321387473407341
0.495399904408371,-0.166693736598946,0.717597466484354,0,1,1.14929397488601
2.27178780602145,-1.18022826061597,-0.301047695037935,1,0,2.24997177288572
0.653746909420999,0.0733541107308329,-0.160400590187811,0,1,0.262955813942394
-0.572086231556659,0.236317306662789,-0.865478370922313,0,1,-1.39871982056558
1.736366259942,-1.74047554119223,0.92768516416166,0,1,-0.147264478588843
-0.1773806490777,0.749879505643249,0.676515964886475,1,0,3.70379716471901
1.47076635822497,-0.960709101044964,-0.962845883587666,0,1,-0.916152843272582
0.917042335772158,-1.20968962653648,-0.546215246855136,0,1,-0.135214311807075
-0.163320145466506,-1.26984583034408,-0.856708911279533,0,1,-3.05018830465435
-0.703909473128165,-1.61338379224307,1.5794534727373,0,1,-1.62035477412712
0.0198718088069448,0.19311677796015,-0.227289257698645,0,1,0.924169716983044
0.126106334580066,1.05127432854968,-1.49718630568443,0,1,-2.64148228949813
-1.07023270775451,0.715636739837711,1.31756068932099,0,1,0.703706057023113
-0.87373107029785,-0.385872988723854,-1.25316238194699,0,1,-1.78591242516811
0.00587823730397968,0.0180746468501624,0.875547575227426,0,1,-0.280123974349987
-1.39927120238487,0.817698550050706,0.322371317686065,0,1,-0.230425499120176
-0.250709232857974,-0.927196273018975,0.402921344385572,0,1,-0.295252719514859
-1.06326670435714,1.7037663937514,0.934110682468916,0,1,-0.0170994021614979
1.16949683832975,-2.00279767992427,-0.01803359387482,0,1,-2.23673292716011
-0.635549005782849,-1.43180334128085,1.89049085393621,0,1,-2.28597947291756
1.26232955834454,0.449783254016487,-1.58699004650027,0,1,0.228861110349996
0.674827466287043,-0.32604795132758,-0.841041667620025,0,1,-0.927444842095646
0.439632777650211,0.524053775933791,-0.482066255710358,1,0,2.75140804462144
0.00535003654355104,2.01324209472903,0.341922123207055,0,1,0.251514316903431
-1.20717351358008,2.16395540964082,-2.01561196183493,0,1,-0.555609818620039
-0.311205911896754,0.212255199702904,0.596995577630248,1,0,1.99893760198856
-0.889169092680228,-0.577282367589583,-0.239763368602376,0,1,-1.43743053300047
0.597221691703834,-1.1529139064409,1.69916335275292,0,1,2.44238123207817
-2.41662490708879,1.57139340681383,-0.162660956546392,0,1,-0.317053417243393
0.589576241287849,0.364224976041536,-1.64800274481601,0,1,-0.108920927685312
-0.303224877241713,-0.775959742391436,1.23002816666798,0,1,0.1927970434283
0.786612417737576,0.142311827652174,0.385004128738795,0,1,2.51881897215819
0.627669882879992,-0.196319085177306,-0.619857833276239,0,1,0.267836118823387
1.5565280829699,1.08109666169251,-1.22312312880695,0,1,1.39613603967188
1.03980264179012,0.111757621664365,-0.274920308416926,0,1,1.53597526453179
0.37314074940977,0.503384938959198,-0.0975711747868099,0,1,-0.221297121768371
1.1443810194439,-0.627645544021034,-1.87615644347849,0,1,-0.502220436365414
0.560928585137546,1.17079958957502,-0.010945505732468,0,1,1.13940675507343
0.501403325113706,-0.738813323164504,1.32872750949227,0,1,0.896922896537176
2.03756351974717,-0.441605930959491,0.0478662231342458,0,1,1.48600331100255
0.538200191760818,-1.38394001208322,0.564778270482489,0,1,-0.510483231303709
0.696046324299032,0.118646812968407,-1.40844013356057,0,1,-3.03366210860108
-0.731248433053835,-0.423302437344426,-0.823803826985107,0,1,-2.30349821614569
-0.619769734620185,0.628572220296042,0.76589270299101,0,1,0.325748108658567
1.82449992795635,-1.94960606335376,-1.53701296369094,0,1,-1.79235887472034
-2.14627855947712,0.099537122342712,1.43531828906725,0,1,0.0227688432884737
0.891725096096664,-0.190996849138487,-0.924189450078683,1,0,0.305592487093473
-0.827252130771362,-0.654539243868927,0.644956923990524,0,1,-2.64748260548557
-0.947538773503894,-0.202239006411164,2.3093183229855,0,1,0.829699657051994
0.68362597353881,0.319524824420525,-0.792244116041547,0,1,-1.94029178858561
1.95030564749458,-1.89157698964812,0.961836715915773,1,0,2.68253504794561
-2.03495016422185,-0.00278911518028946,-0.473830599733802,0,1,-4.88664696772112
0.206617810044019,1.61805488564665,-1.1016091314482,1,0,2.94196676203019
0.745040913166341,-0.0843245807740786,-0.74410179658155,0,1,0.39035598125685
-0.529723993093972,-1.8007330575025,1.97695162800787,0,1,-0.487488177481067
-0.573744650075217,0.869916892724394,2.18290719650718,1,0,6.49423390253479
0.00909861900546913,-0.35859589603707,-0.342970279967368,0,1,-2.12172447764651
-0.686220897499495,0.00171653963484175,2.89215069138841,0,1,3.25568726450077
-1.6940312583886,-0.050841200563408,1.26617695270719,0,1,-0.451204148722824
0.732819231720576,0.614866735596555,0.632873723454593,0,1,2.39561651570935
1.48585444024332,-0.850351561514604,0.25208874888653,1,0,3.95268972559284
0.545271449760274,-0.130534064344145,-0.500612977278103,0,1,-0.219407655026741
-1.2383643933764,0.98435337207345,0.926231327504796,0,1,3.04784902849889
0.204935521406694,0.13348163525426,1.05885944939993,0,1,0.442884378752606
-1.72128514135068,0.253767682997985,-0.754433176330057,0,1,-1.62947335497979
-0.802143707733509,1.24952969066446,-0.860696981193723,1,0,1.38358660123732
-0.909529674454013,-0.68358270297502,-0.632718075021557,0,1,-3.47471409588658
0.0666506327724982,1.27234610145693,-0.721165101560072,1,0,0.782576967863098
-0.427453614701231,-0.32195071928763,1.35627877558081,0,1,-0.334239953443645
-0.505138944408005,-0.649515491011382,-1.02116434389478,0,1,-3.59723962641033
-1.97472709483408,0.704044680026826,1.10599227972438,0,1,0.0778432149828118
0.368509056073535,-1.46679078695522,1.32463935142864,0,1,0.899470744798966
-1.2582363497354,-0.368934354230915,0.274702326731875,0,1,-2.40782048922353
-0.218944332503281,-1.02894447219029,2.11710254101741,0,1,0.5935528929686
0.448259174670792,0.634893648092092,0.375302706841983,0,1,0.544435787193384
1.09847845212157,0.136097430123952,-1.66270835949828,0,1,-1.39788507892325
0.828605993514283,-0.167922667629598,-0.109618132345806,0,1,-0.204835299543509
0.103393310081326,-0.878832960087962,1.05432713035244,0,1,-0.384386495695554
0.234164561322567,-2.67307698020761,2.17734500685102,0,1,-0.498113375572588
-0.127496747551869,1.584718440312,0.173292829129687,0,1,0.944886343660483
-0.199482151229306,0.806542608980816,1.10576862460459,0,1,2.9245615516775
-0.612492392712581,-1.44558864433924,0.881154930215469,0,1,-2.46963038954101
-0.642807449710871,-0.307008724053058,0.966657196016967,0,1,-0.217672080052804
-1.04381230920396,-0.228431384874139,0.112689728454277,0,1,-1.24180732860488
-0.452548276805575,1.25293390612553,-0.784370819449803,0,1,0.770484668369403
-1.14001382820851,0.0492895340152528,0.446643562797148,0,1,-1.03961859685073
0.144100878597181,-0.0179900478365573,-0.64678286378617,0,1,-1.51629420672297
-0.0321546782371939,0.40084984471982,0.510209773731741,0,1,1.28103682125674
0.782119966221609,-1.97415315273798,0.0285278797736208,0,1,-1.47182551616192
-0.913512451654973,0.0839801594269902,-0.183768583011003,1,0,0.188788150801648
-1.25077369221265,1.38099242521705,-0.512573356850704,0,1,-1.65605369724157
0.340405529840163,-0.44848455253272,0.189100922940084,0,1,0.245232366388959
-0.897318448876489,-0.826601974070589,-0.863187990482156,0,1,-3.23725553536749
0.138319283177812,0.85384053221032,0.812048649446303,0,1,3.63645279819976
1.5633925498215,-0.196641279632862,-0.178448528883308,0,1,-0.103300524115583
-2.87094520327161,1.994465527696,-1.36215260430529,0,1,-1.30277752108451
-0.430884472716189,0.579242789157028,-0.0257934217115658,0,1,1.13845860475947
0.102279228144721,0.841153747244788,0.956306779808484,0,1,0.94968769168052
0.573226465574906,-0.404217379336995,0.326237647620055,0,1,-0.465498273906443
1.12460241005445,-0.0363289960682994,-1.80809420074267,0,1,-0.126320993902798
-1.50815383005208,0.462963884896316,-0.372280940028847,0,1,-1.29296225721302
0.216386994753745,-0.544676464314003,-0.179941433072524,0,1,-1.12960535273027
-0.264574199096488,0.230672391352037,0.699861321259587,0,1,1.4426233631977
-1.01314685195801,0.540267054345628,2.18161073408153,1,0,5.15802979831311
0.920707622399802,-1.72365694497848,-0.851856118940275,0,1,-1.57737662551151
-1.32954603827166,0.523854866555331,0.762566219752807,0,1,0.10438758200469
-0.130700680076414,1.3787447455715,-0.734223913088368,0,1,0.143947191409393
-0.413288945120877,1.38398546616931,-0.536394019304669,0,1,1.23817021714313
-0.420969312838095,0.564944198544111,-1.27853333515151,0,1,0.444228190434438
0.194864135994395,1.83562651885665,-0.614254684604938,0,1,2.27779478134043
1.00214850078226,0.168859123568619,-0.788881548268835,0,1,-0.104166334410028
0.371282096200785,-2.16060056149352,0.612360792897037,0,1,0.129586199922647
-0.620332674207179,-0.127477984312337,0.111900707706025,0,1,-0.590920266357356
0.377333743562291,-0.897932893283961,0.106257443123814,1,0,0.396309556246552
0.647858539391457,0.910389325552927,-1.90244550215336,0,1,-1.37227728485116
0.458428153265573,0.485400347502405,-0.172719672251166,0,1,1.34192744057174
0.000112139763381744,-0.468896798837866,0.657889976859932,0,1,0.0906174583537613
0.686642386481434,0.654898263423215,-0.442704725710735,0,1,-1.57275151933157
0.574295065454208,-1.05180001215492,-0.32563508356858,0,1,-0.234745357527471
1.12947346367494,-0.810896860707779,-0.67415124884801,0,1,0.90359621387809
-0.619168566828102,0.775063840761475,0.286125024763805,1,0,1.75849800072989
-0.27085202915031,0.236600613744399,-1.33475060936419,0,1,-0.655502649390817
-1.83182244980001,-2.72016506871023,3.15837599059158,0,1,-1.85652573193621
-1.25585320525177,-0.220875264990127,0.313804231357298,0,1,-2.91040747105327
-0.211818478834429,-0.40044845263603,-0.472354980123482,0,1,-2.02825015857539
0.145283670864204,0.248218186676144,0.148776906027678,0,1,0.719760049423153
-0.100323987211769,0.0826623672856512,-1.23444269856133,0,1,-2.3850329660641
-0.263862644779785,1.33543766022187,0.152645433313959,1,0,3.94381117183793
-0.939981434401349,0.631047436481307,-0.960831001985221,0,1,-0.952165993769107
1.32172395615683,-1.42729223280929,-1.35045237082142,0,1,-0.490078953179955
0.818159552970392,0.72712032486026,-2.07853711521506,0,1,-1.7778385480901
-0.103897436170164,-0.567271384492566,0.849782176801502,0,1,1.34434508490841
2.72543900109641,-1.10080549698352,-0.844989427333735,1,0,2.11474771133846
1.34997652206296,-0.53647526769409,0.791367078397793,0,1,-0.2955382746079
-1.29447497332106,0.236606752306729,1.27918389847714,1,0,1.45069161355939
1.09397393261549,0.5384663295469,-1.50853785247893,0,1,0.696572164379665
-1.19829962149716,0.513621404819465,-0.770560977508339,0,1,-0.140749393710258
-0.862263631739613,0.470811319079943,1.58383268195092,0,1,0.824340486064209
-0.481068959084856,0.264066712871943,0.310095704874484,0,1,0.715789189061855
-0.784437484626853,0.0416469745061555,1.22255636256779,0,1,1.00926801755292
0.576641930371884,0.67743246550034,-0.944637395920985,0,1,0.297128256080573
-0.41382433627216,-0.833401003732426,0.58562949539055,0,1,1.55267176524477
0.202795604032062,-0.667407617191833,0.506453743291373,0,1,-0.0412213312999028
-0.555601582761516,-1.00966909696769,1.57424928518837,0,1,-0.374480984584949
-0.986035689739107,-2.21597839660382,2.944172990386,1,0,-0.23692211525857
0.56355638307686,0.44855212610203,0.750935951212045,0,1,1.78078770615193
-1.11542131591101,0.583519640548291,0.575593371575998,0,1,-0.118172492006149
0.236689931683816,0.019018079309612,-0.392554866995964,0,1,-1.07204762894141
-0.437457236207698,1.60221200903856,-1.03847857863608,0,1,-0.679604618980349
0.216585966033194,-0.448212871293663,-0.642481836590842,0,1,0.22064877171277
1.36101079426874,0.951250431685729,-0.7557355675684,0,1,2.05015577188312
1.13905036707415,0.754185971045811,1.27046822365025,1,0,6.63186729826123
0.321378068203566,0.729499206621273,0.256465660088529,0,1,1.44807063422272
-1.43157773501749,1.08545351587362,-0.345087366178272,1,0,-0.616822336440401
-0.433619067701667,-0.74099282558942,-0.771378492532918,0,1,-2.28915872424639
-0.514174210190148,0.602370550950282,-1.97872492976305,0,1,-2.14113189994766
1.05489546517353,-0.254960617508615,0.88179753950608,0,1,1.26580061093652
-2.07596640436521,2.03448962560961,0.742881659191316,0,1,1.22306935188261
-0.808304540581567,-0.297876245073895,-0.113174536824515,0,1,-2.60297259134264
0.0167603395392155,-0.414016811433296,0.456585361034448,0,1,0.29613720326448
-1.75944336452662,1.22275227391525,-0.15578983516938,0,1,0.420323076882353
-0.962702957068384,-1.55251357521727,1.86215834328695,0,1,-0.785956627578354
-2.17330082176592,0.401475203450754,0.464374667901651,0,1,-1.29660159223767
-0.49478927477341,-0.198143292817868,-1.18356970538576,0,1,-3.0243374605917
0.09818498442667,-0.203553250378595,-0.0212607042293748,0,1,1.15196643068793
0.105734844014926,0.29301911134577,-0.468645777008967,0,1,0.419351946938526
0.342106517580855,1.74843974081086,0.00673358609647168,1,0,4.3129507212082
-0.424532053380527,-0.682445558835388,0.286928497331665,0,1,-0.0590051456426042
0.161404827881588,0.529019258623536,-0.599201009700124,0,1,-0.508138268255166
1.66861609089096,0.0836862260086824,-0.129306158041621,1,0,5.51876191831585
-0.109266351596474,0.411115208240347,-0.49477663490715,0,1,1.21459433252024
-1.78306895879437,0.714951636302149,0.447887510241454,0,1,0.511898644023145
-1.04001599572584,0.638613906835732,1.84517387812963,0,1,2.58137529594277
0.833752194465375,-0.386075266066869,0.224283457346624,0,1,1.74827134981602
-0.579128652630352,-0.269033243942227,0.714322802187068,0,1,-0.115255993284083
0.488737263549991,0.525288606203037,0.288924935325134,0,1,-0.51601294105838
-0.897355470711032,1.77175630517914,-1.13769804668669,0,1,-0.997360337576477
1.23951411270243,-1.36515180097743,0.227705970529097,0,1,1.15306536137417
0.666935631262519,-0.61303877580659,-1.79512533177063,0,1,-2.57820554955844
-2.31951725808695,0.286446281270805,0.460221739205238,0,1,-2.23154782598101
-0.469309052841602,0.493185290596983,0.774337056334319,1,0,4.15004773568592
0.932211123743078,-0.954103458712558,-1.85521089462852,0,1,-2.61927317449206
-0.735622997085225,1.11137070479345,-1.31792181834404,0,1,-0.238884871378674
-0.239582380334961,0.0675798805286472,2.20313827138117,0,1,3.76361471117725
0.39830422423102,0.180814448403673,0.572944070863885,0,1,1.5349262993043
0.745121624007075,-0.771016996271773,1.07829043798083,1,0,4.09952913610638
-0.115209901750423,-0.829796202626725,1.23310545476358,0,1,0.396609882759225
-0.857952111170761,0.724357479203261,0.671267419785256,0,1,0.76537204218313
-0.311869095738819,0.944329506388254,0.655155279595314,0,1,3.88039295221449
-0.387563845987929,1.41835497905785,0.235676614233877,0,1,-0.180583212268575
-1.81168034339677,-0.181415587833688,0.471920035740838,0,1,-1.17781783250337
-0.930828432486443,-0.914175181465285,1.75484896531594,0,1,-1.45315124140459
0.674768808904318,-1.69591717946533,1.07695044106052,0,1,1.57644101481633
0.649786617943568,-0.833448148057192,0.350252104007912,0,1,0.126091193104371
-1.20158725316838,1.37217427547233,-1.23245496851159,0,1,-1.4150798170858
-0.0502154450596316,-0.963919454492117,0.514528752873211,0,1,0.220069139372971
0.932468213243633,-1.09844278640618,-0.0961427216462537,0,1,1.79647623607866
-1.05820689876073,-1.53828971310315,-0.0480058591603529,0,1,-4.44963006906669
0.751997273332658,0.958463482940937,-1.27671269096652,0,1,-2.41146020211363
-1.51307359713091,-1.28588176039603,1.97842429123673,0,1,-0.9390737185039
1.86781074388752,-1.2155362851435,-1.98229553188871,0,1,-3.66563501920049
0.104870577518871,-0.711086941991178,0.390697307211013,0,1,0.598607957918237
0.313261302254303,0.869890853667779,0.214610804256082,0,1,1.24017294893308
0.143547789674064,-0.600820394253069,1.01899187543191,0,1,-0.71787880960208
0.191378861683887,-0.320665493294299,-0.445974141685081,0,1,-0.94350237895127
-1.73597575195009,0.306610100166443,2.00359256198897,0,1,1.60833194654694
0.792098546190104,-1.44590722800117,0.606095591784424,0,1,-0.525773036919998
0.549582063025309,-0.482656512362561,0.607100168435533,0,1,1.06309859779178
-2.5296925767811,2.42668483790809,-0.856314545198834,0,1,0.284493275501357
-1.2434005896052,-0.143829049663317,-0.171469230988084,0,1,-1.44259466629196
-0.643737594346789,1.64789706656621,-0.399449205515242,1,0,4.43897004151778
0.843098173051461,-0.0736510175882002,0.597242744279216,0,1,1.72846263892643
0.193805605140926,0.666458749745726,-0.181370823947397,0,1,0.0478034444323145
1.56162770261691,-0.796957590668236,-0.523836560935601,0,1,1.88761174020067
-0.00484026972479762,-0.131613309921447,0.989845433628278,0,1,1.22717834478671
0.112905317225967,0.500241349239531,0.812815566930536,0,1,-0.117927691163966
0.162447450166365,-0.634286680647538,-1.46925757456766,0,1,-2.45200111374778
0.155632422583091,0.544839652417159,-0.144142992719422,0,1,1.70503001823095
-1.24833538080005,-0.547719521842429,0.758730936875473,0,1,-1.75619368643423
-1.22730538502658,1.41115414975813,0.729376771443526,0,1,2.65104814438147
1.44872137032172,-0.463730951445085,-0.433766096693304,1,0,2.36992439447421
-0.976638091043555,0.204918922973719,0.260647716205465,0,1,-1.06159565516984
-0.414583641486613,0.752094001748094,-0.236239596617294,0,1,0.492900617425459
-0.753208934067875,-0.0172338511709513,-0.158798319908282,0,1,0.399994719917052
1.45534595884732,-1.92958210278424,0.145487826669629,0,1,-1.13035126497711
-0.7665866346427,1.56008304258319,-1.13536773250799,1,0,0.983571874532815
1.53611487288287,0.398375399943237,-1.67697940556545,0,1,0.849199656798436
1.10802325236804,0.429145781310798,-0.0367141765633103,0,1,1.62404184009833
0.25277439663136,0.809605674017692,-0.236797984910036,0,1,0.363344523736428
-0.819714666368187,0.86245837458477,1.20142419200417,0,1,0.555242367439363
1.08638800592327,-0.295255740571009,-0.551316741556459,0,1,0.186294256022107
-0.128440348381508,-0.203807411859343,0.347094483741321,0,1,-0.557859778913629
-0.638897053096988,0.359708969467042,-0.518011849529546,0,1,-0.583443596706982
1.5663567094963,-0.30219276493204,-0.539928970744758,0,1,1.08403816241884
0.169898465806575,0.181338191253102,0.616447503041785,0,1,3.24464148176463
-0.909065803703285,-0.621953929568067,1.56970718714618,0,1,-0.401603957878232
-1.30977515512129,1.34119355893904,0.119545307060547,0,1,-0.168007638333972
-1.26061898650055,0.73750422392862,0.480779908336154,0,1,-0.194947029938925
-0.824924001206133,-0.842462740802039,-1.16861859422259,0,1,-2.96789463598845
-0.647519007269157,-1.29518044707984,0.866294612870476,0,1,-0.630207622866344
1.84235523082957,0.731188636852203,-1.86080078589018,0,1,2.96251228063518
0.162961618420304,0.587901526295327,-1.81722105451656,0,1,-0.884539389682546
0.781071730356547,-0.421146206240303,0.530794849344245,0,1,0.61985695775616
0.753448907704656,0.260218080806872,0.938601278830934,0,1,1.91519504876666
-1.4790642767307,0.614789280040992,-0.709477624870882,0,1,-0.16737699253831
0.413677564942193,-1.92435576585272,1.59045942412618,0,1,-0.186908990286345
1.09882532577963,-1.40102186353581,0.421953770965007,0,1,-1.17643829216401
-0.0710943636913473,1.55112296949857,-0.85563010155456,1,0,1.99979154406297
0.923197967124158,-2.47477498931537,0.433000444085845,0,1,-2.30731710474185
-0.498364910279106,1.50024846608708,-1.41872596598647,0,1,-0.726102953817349
-0.30856622167357,-0.614892365202107,-0.503075366853709,1,0,-1.26386837082994
-1.39089519351982,0.915696424693482,-0.0554695740243162,0,1,-2.21426045760689
-0.754697173011824,0.124603903480577,-0.0445694921365371,0,1,-1.20531658032495
0.475948371670824,0.661412309625898,-0.215171161569542,0,1,0.905505427641253
0.62259183335281,-0.401301201196603,-0.447469967765988,0,1,-0.0364424777082746
-0.110490738882779,1.45396775512884,-0.300098523128752,0,1,2.39095541209965
-0.372457869255925,3.49375714981364,-0.762892228454733,1,0,6.91213435184329
-1.34138869510204,-0.275177852023432,0.552113499080166,0,1,-1.68462476803395
0.905252225832823,0.082991124862116,-2.65232452682845,0,1,-1.83927017706663
0.725380102403952,-0.372244186949963,-0.785551479537294,0,1,-2.07956336574976
-1.01227325796544,0.677258627940439,-0.0680831970680494,0,1,-1.73517072716865
-0.257621115889009,-0.871883708150199,0.793734855993945,0,1,-1.34545052360504
1.17293588931816,0.697819620496841,0.164527625190636,0,1,2.26279597542951
0.815084808079956,-0.162595383752203,0.508247538251123,0,1,0.370845392818492
-1.68538112835397,1.19613750464547,1.08751232382908,1,0,3.14018546668617
0.823365012997069,0.253881217917562,-0.89233290191046,0,1,0.531174300884558
-1.3553674686406,-0.440235985146229,1.42039830084027,1,0,1.61335608849919
-0.730952279035404,-0.409230319680643,-0.242775776758579,0,1,-0.278133916021178
-0.547106805738623,-2.13288314690848,1.1265665968154,0,1,-1.45154100685033
-0.589367277150476,1.77719987652833,-1.46025078403699,0,1,-0.574003817742446
1.03499518057981,-0.965762251218884,-0.690651104120882,0,1,-2.13205756607433
-0.21060793188439,0.100189750527992,0.410420061038904,1,0,2.12901083517102
0.0895540191075598,-0.92490252524846,0.769877223896339,1,0,0.73931152883326
-0.0314114303247751,-0.273471758136757,-0.697988516230031,0,1,-0.676926327631909
-0.859107603403118,2.3101939491667,-2.29737555168467,0,1,-1.06206993379042
-0.638530905261827,-0.173117505759056,1.39748676738604,0,1,2.101842040945
0.711135735667799,-0.0784468492404334,-1.37724898203063,0,1,-0.0533038985500356
-1.92532239805871,0.582718779156239,0.271787992282667,0,1,-0.414628464974302
0.361829346622042,0.849386472592991,-0.579714463678882,1,0,1.4077761623305
1.32969894943907,-0.278944305882042,-1.60102451070649,0,1,-0.829330143303412
-0.817533064684734,-2.60398140552627,2.63884973449062,0,1,-1.52503711094741
-0.489391544986358,-0.492410326758894,0.103324352299322,0,1,-0.100984682015139
0.410058379435081,0.955589055565726,-1.27993348100357,0,1,-0.203526398528684
0.9643856345954,-2.07962454021849,0.42834038510587,0,1,-0.0206525302833863
-0.0688884201739483,-0.144915071074572,-1.32088391320839,0,1,-3.46115054366731
-0.315127320772878,1.16308404749679,0.156037340684166,1,0,3.18473715519553
0.0341380226304576,2.01684989832683,0.215060398711281,0,1,1.17136360289753
0.314668197157449,0.236929724939037,-1.63644478563108,0,1,-0.945449172411137
1.05212109501191,-1.45518843558323,1.50400747352413,0,1,1.80880577465327
1.2469944834107,-0.54527306989422,0.223092021216305,0,1,0.364067387207473
-0.401815625525662,-0.979049630782511,0.601485347002118,1,0,-0.563946878089396
0.0989908376674275,0.43940087249106,1.04392248492368,1,0,2.90489521688299
0.0646527537091286,-0.378970318401904,0.0183954362814319,0,1,-0.995362638684409
0.0858932501527415,-1.49486694050946,-1.13361474594995,0,1,-4.41884566086537
0.852884005049717,0.220301098713649,0.128650775738612,0,1,1.04886702980665
1.0276045896719,0.0179524014382303,-0.544082439402164,1,0,1.66812684099762
-0.343073786263613,-1.05454092064263,0.97850515969138,0,1,0.567541161391385
-1.20991951354113,0.100222277617202,0.893285970615282,0,1,0.239533457049411
0.484160718576026,0.21496978958491,0.571427706293752,1,0,3.52188088445135
-0.793300128171526,0.741159098794579,-0.292877600012966,0,1,0.18436281088129
1.08740696743688,-1.31375339587994,0.804397117758452,0,1,-0.202179493251417
0.882965421066816,-0.873992893756078,1.26193255563152,0,1,1.44270244878131
-2.7588516863035,1.26441871559733,0.10780764195079,0,1,-2.99568212043174
-0.918151566886544,-0.482618803344137,-0.520383040117266,0,1,-3.59630450121135
-0.236354305817927,0.121693717549748,1.85950002585994,1,0,5.43219380277572
-0.356612054138146,-0.898947979903117,0.039047749200756,0,1,-1.13693773058332
1.38489985427806,-0.807227956191355,-0.737526847026388,0,1,1.25154711824519
0.520892322102964,0.1765046494667,-1.34551105292653,0,1,-0.818474993601202
0.294637843564047,1.24703028628185,-1.25211562945783,1,0,0.202294655608538
0.0490606901507658,-0.483365270501224,-0.099346905576928,0,1,-1.43307184713087
-0.798510837439281,1.28527874543875,-1.01199309391102,0,1,1.01835820197403
